,Title,Vote_Average
0,Spider-Man: No Way Home,8.3
1,The Batman,8.1
2,No Exit,6.3
3,Encanto,7.7
4,The King's Man,7.0
5,The Commando,6.6
6,Scream,6.8
7,Kimi,6.3
8,Fistful of Vengeance,5.3
9,Eternals,7.2
10,Pursuit,5.9
11,My Hero Academia: World Heroes' Mission,7.3
12,Restless,5.9
13,Nightmare Alley,7.1
14,The Ice Age Adventures of Buck Wild,7.1
15,Hotel Transylvania: Transformania,7.0
16,Texas Chainsaw Massacre,5.1
17,The Requin,4.6
18,Looop Lapeta,6.0
19,Red Notice,6.8
20,Sing 2,8.2
21,The Jack in the Box: Awakening,5.4
22,Venom: Let There Be Carnage,7.1
23,The Matrix Resurrections,6.8
24,Resident Evil: Welcome to Raccoon City,6.1
25,Last Man Down,6.3
26,American Siege,5.4
27,Uncharted,7.1
28,Demon Slayer -Kimetsu no Yaiba- The Movie: Mugen Train,8.4
29,Ghostbusters: Afterlife,7.7
30,The 355,6.1
31,Shang-Chi and the Legend of the Ten Rings,7.7
32,Marry Me,6.9
33,The Hunting,5.8
34,West Side Story,7.4
35,Through My Window,7.8
36,The Seven Deadly Sins: Cursed by Light,8.0
37,One Shot,6.8
38,Tom and Jerry: Cowboy Up!,7.1
39,Chernobyl: Abyss,6.2
40,Desperate Riders,6.8
41,Clifford the Big Red Dog,7.3
42,Tyler Perry's A Madea Homecoming,6.7
43,The Boss Baby: Family Business,7.6
44,Turning Red,8.6
45,Brazen,4.8
46,The House,7.1
47,Blacklight,5.1
48,Ron's Gone Wrong,8.1
49,Free Guy,7.7
50,Cruella,8.2
51,The Suicide Squad,7.7
52,The Simpsons in Plusaversary,6.6
53,Forgive Us Our Trespasses,6.3
54,Luca,8.0
55,Mortal Kombat,7.2
56,Zack Snyder's Justice League,8.3
57,Mother/Android,5.8
58,Exploits of a Young Don Juan,5.5
59,Dune,7.9
60,The Last Warrior: Root of Evil,7.1
61,The Privilege,5.1
62,Queen of Spades,6.4
63,Antlers,6.4
64,Dangerous,6.4
65,After We Fell,7.2
66,No Time to Die,7.5
67,Sooryavanshi,5.8
68,Finch,8.1
69,Two,5.4
70,PAW Patrol: The Movie,7.5
71,Avengers: Infinity War,8.3
72,Batman,7.2
73,Black Widow,7.5
74,The Wonderful Winter of Mickey Mouse,5.7
75,F9,7.3
76,Moonfall,5.9
77,"Sex, Shame and Tears 2",2.2
78,Diary of a Wimpy Kid,6.5
79,AI Love You,5.3
80,Sonic the Hedgehog 2,0.0
81,Erax,5.7
82,Deathstroke: Knights & Dragons - The Movie,6.9
83,The Last Duel,7.6
84,The Pirates: The Last Royal Treasure,6.6
85,Paranormal Activity: Next of Kin,6.5
86,House of Gucci,6.8
87,Dark Spell,6.7
88,Jungle Cruise,7.6
89,Godzilla vs. Kong,7.8
90,The Amazing Spider-Man,6.7
91,Heart Shot,5.6
92,Avatar,7.5
93,Mobile Suit Gundam Hathaway,7.8
94,Army of Thieves,6.9
95,UFO,5.2
96,The Weekend Away,5.9
97,The Croods: A New Age,7.6
98,Back to the Outback,7.7
99,The Tomorrow War,8.0
100,Home Team,6.9
101,The Fallout,7.4
102,Raya and the Last Dragon,8.0
103,Infinite,6.8
104,Wrath of Man,7.7
105,Fortress,6.2
106,Space Jam: A New Legacy,7.1
107,Laura y el misterio del asesino inesperado,7.3
108,The Conjuring: The Devil Made Me Do It,7.7
109,Batman Begins,7.7
110,The Royal Treatment,6.8
111,Ciao Alberto,7.5
112,Gone Mom: The Disappearance of Jennifer Dulos,7.8
113,Ripper Untold,6.6
114,Meander,6.1
115,Zeros and Ones,5.3
116,Snake Eyes: G.I. Joe Origins,6.8
117,Survive the Game,5.8
118,Riverdance: The Animated Adventure,5.2
119,Apex,5.4
120,The Tinder Swindler,7.1
121,Love Tactics,6.7
122,The Addams Family 2,7.2
123,Dynasty Warriors,6.5
124,Miraculous World: Shanghai – The Legend of Ladydragon,7.9
125,"Miraculous World: New York, United HeroeZ",8.3
126,Surviving Paradise: A Family Tale,6.9
127,My Hero Academia: Heroes Rising,8.4
128,Amina,6.5
129,Encounter,6.4
130,Son,6.0
131,Wonder Woman 1984,6.6
132,The Amazing Spider-Man 2,6.5
133,The Whole Truth,6.5
134,Catwoman: Hunted,6.2
135,Hacksaw Ridge,8.2
136,Crazy Fist,7.3
137,Harry Potter and the Philosopher's Stone,7.9
138,The Avengers,7.7
139,Dragon Fury,6.1
140,Tarumama,5.1
141,Doctor Strange,7.4
142,Halloween Kills,6.8
143,The Exorcism of God,5.6
144,Spider-Man: Far From Home,7.5
145,Harry Potter 20th Anniversary: Return to Hogwarts,8.0
146,After We Collided,7.3
147,The Desperate Hour,5.8
148,Dragon Ball Z: Resurrection 'F',6.8
149,Seal Team,7.1
150,Knowing,6.1
151,Witch Hunt,7.2
152,The Maze Runner,7.2
153,The Unholy,6.8
154,Ashfall,6.6
155,The Sky Is Everywhere,5.8
156,Time Is Up,6.2
157,The Deep House,6.5
158,Boruto: Naruto the Movie,7.7
159,Harry Potter and the Chamber of Secrets,7.7
160,Sonic the Hedgehog,7.4
161,Coco,8.2
162,Ava,6.0
163,Fury,7.5
164,Don't Breathe 2,7.4
165,Matando Cabos 2: La Máscara del Máscara,7.8
166,Monster Hunter,6.8
167,The Last: Naruto the Movie,7.9
168,Spider-Man: Homecoming,7.4
169,Bigbug,5.4
170,Spider-Man,7.2
171,Avengers: Endgame,8.3
172,Old,6.6
173,Real Steel,6.9
174,Love and Leashes,6.3
175,After,7.2
176,The Forever Purge,7.3
177,Tall Girl 2,6.0
178,Dog,8.3
179,I Am Legend,7.2
180,Naruto Shippuden the Movie,7.2
181,Tom & Jerry,7.0
182,Against the Ice,7.0
183,An Egg Rescue,8.1
184,Harry Potter and the Goblet of Fire,7.8
185,Pretty Guardian Sailor Moon Eternal The Movie Part 2,8.1
186,Demonic,4.8
187,Far From the Tree,8.1
188,Black Water: Abyss,5.1
189,"Yes, No, or Maybe Half?",6.7
190,The SpongeBob Movie: Sponge on the Run,7.6
191,Spider-Man: Into the Spider-Verse,8.4
192,Harry Potter and the Prisoner of Azkaban,8.0
193,The Vault,7.1
194,The Adam Project,6.0
195,Deadpool,7.6
196,The Harder They Fall,6.7
197,"Monsters, Inc.",7.8
198,Ainbo: Spirit of the Amazon,7.1
199,Don't Look Up,7.2
200,Cars 3,6.8
201,Spider-Man 3,6.3
202,Last Shoot Out,6.4
203,Sator,5.4
204,Iron Man 2,6.8
205,Soul,8.2
206,Pirates of the Caribbean: On Stranger Tides,6.5
207,Phobias,5.4
208,A Quiet Place Part II,7.6
209,What the Peeper Saw,5.7
210,Fast & Furious 10,0.0
211,The Dark Knight Rises,7.8
212,Trolls Holiday in Harmony,7.6
213,Batman v Superman: Dawn of Justice,5.9
214,Motherly,7.2
215,Nobody,8.2
216,My Hero Academia: Two Heroes,8.0
217,Harry Potter and the Half-Blood Prince,7.7
218,Book of Love,5.3
219,Jurassic Hunt,5.0
220,American Underdog,7.2
221,The Dark Knight,8.5
222,Jujutsu Kaisen 0,7.8
223,Ava,5.7
224,Three Steps Above Heaven,7.8
225,Sinkhole,7.1
226,Undisputed III: Redemption,7.5
227,Toy Story,8.0
228,Roald Dahl's The Witches,6.5
229,El Paseo 6,3.5
230,Separation,5.7
231,Dragon Ball Super: Super Hero,0.0
232,After Ever Happy,0.0
233,Brothers,7.1
234,Shrek,7.7
235,Jackass Forever,7.1
236,Big Hero 6,7.8
237,Monster Pets: A Hotel Transylvania Short,7.5
238,Off Course,6.2
239,The Hobbit: The Battle of the Five Armies,7.3
240,Major Grom: Plague Doctor,6.8
241,Monster Family 2,7.1
242,Gunpowder Milkshake,6.4
243,Beautiful Sisters: Flesh Slave,4.0
244,Narco Sub,6.7
245,Harry Potter and the Order of the Phoenix,7.7
246,Legend,6.9
247,Straight Outta Nowhere: Scooby-Doo! Meets Courage the Cowardly Dog,8.2
248,Descendants: The Royal Wedding,7.0
249,Frozen II,7.3
250,Swim,7.5
251,Mutation on Mars,6.6
252,Zone 414,5.5
253,Harry Potter and the Deathly Hallows: Part 2,8.1
254,Avengers: Age of Ultron,7.3
255,Thor: Ragnarok,7.6
256,It Chapter Two,6.9
257,The Lion King,8.3
258,King Richard,8.0
259,Last Night in Soho,7.5
260,Batman Returns,6.9
261,The Twilight Saga: Eclipse,6.2
262,Wild Indian,6.4
263,Project X,6.8
264,The Protégé,6.6
265,Ida Red,5.9
266,The Haunting of Helena,5.6
267,Vanguard,6.3
268,Pirates of the Caribbean: The Curse of the Black Pearl,7.8
269,"The Simpsons: The Good, the Bart, and the Loki",7.5
270,The Marksman,7.0
271,Vicky and Her Mystery,7.3
272,KonoSuba: God's Blessing on this Wonderful World! Legend of Crimson,8.4
273,7 Prisoners,7.1
274,11M,6.5
275,Seobok: Project Clone,7.6
276,Shrek 2,7.2
277,Percy Jackson & the Olympians: The Lightning Thief,6.2
278,Your Name.,8.5
279,Chief Daddy 2: Going for Broke,5.9
280,Captain America: Civil War,7.4
281,Joker,8.2
282,Jack Reacher,6.6
283,The Invisible Thread,6.7
284,SAS: Red Notice,5.9
285,Mulan,7.0
286,I Want You Back,6.1
287,Pirates of the Caribbean: Dead Man's Chest,7.3
288,Ninja Assassin,6.5
289,The Wolf of Wall Street,8.0
290,Hilda and the Mountain King,7.4
291,Rurouni Kenshin: The Beginning,7.8
292,Minnal Murali,7.2
293,Pokémon: Mewtwo Strikes Back - Evolution,6.7
294,Fate/Grand Order Final Singularity – Grand Temple of Time: Solomon,7.0
295,Teenage Mutant Ninja Turtles,5.9
296,Fifty Shades of Grey,5.9
297,Never Back Down: Revolt,6.6
298,Wish Dragon,8.1
299,Ice Age,7.3
300,Fast & Furious Presents: Hobbs & Shaw,6.9
301,Toy Story 2,7.6
302,Sweet Girl,6.8
303,The Stronghold,7.5
304,Spirit Untamed,7.5
305,Tom Clancy's Without Remorse,7.1
306,Harry Potter and the Deathly Hallows: Part 1,7.8
307,Injustice,7.8
308,Nobody Sleeps in the Woods Tonight 2,4.0
309,American Badger,5.9
310,Evangelion: 3.0+1.0 Thrice Upon a Time,8.5
311,LOL Surprise: The Movie,6.8
312,Coraline,7.8
313,How I Became a Superhero,6.2
314,The Bad Guys,0.0
315,Venom,6.9
316,The Last Mercenary,6.8
317,Cars 2,6.0
318,Downfall: The Case Against Boeing,7.4
319,Ratatouille,7.8
320,Mickey and Minnie Wish Upon a Christmas,7.2
321,Dragon Ball Z: Broly – The Legendary Super Saiyan,7.2
322,Doctor Strange in the Multiverse of Madness,0.0
323,Death on the Nile,6.7
324,Army of the Dead,6.3
325,Home Sweet Home Alone,5.2
326,Carriers,6.1
327,Boyka: Undisputed IV,7.0
328,2012,5.8
329,Why Women Cheat,3.3
330,Sing,7.1
331,Green Lantern,5.2
332,Peninsula,6.9
333,Ted 2,6.3
334,High School Teacher: Maturing,5.9
335,Wonder Woman,7.3
336,A Day to Die,4.7
337,Cosmic Sin,4.2
338,Pirates of the Caribbean: At World's End,7.2
339,Legion,5.8
340,Rascal Does Not Dream of a Dreaming Girl,8.4
341,Peter Rabbit 2: The Runaway,7.3
342,Dragon Ball Z: Battle of Gods,6.8
343,My Little Pony: A New Generation,8.1
344,Redemption Day,6.3
345,Journey 2: The Mysterious Island,6.1
346,Love & Other Drugs,7.0
347,The King's Daughter,7.4
348,Deadpool 2,7.5
349,The Fate of the Furious,6.9
350,Hancock,6.3
351,The Hunger Games: Mockingjay - Part 1,6.8
352,Dragon Ball Z: Broly – Second Coming,6.7
353,The Conjuring,7.5
354,Sweet & Sour,7.9
355,The Belly of the Sea,4.0
356,Grisaia: Phantom Trigger The Animation,3.5
357,Fantastic Beasts and Where to Find Them,7.3
358,World War Z,6.8
359,"Barbie: Big City, Big Dreams",7.3
360,Teen Titans Go! See Space Jam,6.9
361,Jolt,6.7
362,Once Upon a Snowman,6.9
363,Outlaws,6.9
364,Mortal Kombat Legends: Battle of the Realms,8.0
365,Rogue Hostage,6.2
366,Fifty Shades Freed,6.7
367,Jiu Jitsu,5.0
368,Crank: High Voltage,6.0
369,The Lord of the Rings: The Fellowship of the Ring,8.4
370,Mulan,7.9
371,Thor,6.8
372,Sex and the City,6.6
373,Masquerade,6.4
374,The Little Mermaid,7.4
375,More the Merrier,6.8
376,The Exorcism of Carmen Farias,6.2
377,Train to Busan,7.8
378,Frozen,7.3
379,Naruto Shippuden the Movie: Road to Ninja,7.6
380,Inception,8.4
381,Girl in the Basement,8.1
382,The Proposal,7.1
383,Goblin Slayer: Goblin's Crown,7.6
384,Cinderella,7.0
385,El amarre,7.0
386,The Hangover,7.3
387,Charlie and the Chocolate Factory,7.0
388,Jurassic World: Fallen Kingdom,6.6
389,John Wick: Chapter 2,7.3
390,Mamá o papá,7.5
391,Toy Story 4,7.6
392,Twilight,6.3
393,Kingsman: The Secret Service,7.6
394,The Unforgivable,7.6
395,Pacific Rim,6.8
396,PAW Patrol: Jet To The Rescue,7.0
397,Titanic,7.9
398,The Hobbit: An Unexpected Journey,7.3
399,The Conjuring 2,7.3
400,Four to Dinner,6.2
401,Jack Reacher: Never Go Back,5.9
402,Jurassic World Dominion,0.0
403,Bordertown: The Mural Murders,6.9
404,The Misfits,5.5
405,Awake,6.0
406,Dhamaka,7.2
407,Fight Club,8.4
408,The Lion King,7.1
409,Malignant,7.0
410,The Karate Kid,6.5
411,Morbius,0.0
412,¡Qué Despadre!,4.0
413,Wrong Turn,6.0
414,The Flash,0.0
415,Black Panther,7.4
416,A Silent Voice: The Movie,8.4
417,Finding Nemo,7.8
418,Taken 3,6.2
419,The Lord of the Rings: The Return of the King,8.5
420,The Texas Chainsaw Massacre,6.2
421,Vivo,7.6
422,Batman: Death in the Family,7.2
423,Weathering with You,8.1
424,The Incredibles,7.7
425,Coming 2 America,6.6
426,Spoiled Brats,6.3
427,Iron Man,7.6
428,Plan A,6.1
429,Escape Room: Tournament of Champions,6.8
430,Batman & Robin,4.3
431,Abraham Lincoln: Vampire Hunter,5.7
432,Jurassic World,6.7
433,After Porn Ends 2,5.5
434,Rurouni Kenshin: The Final,7.9
435,Naruto Shippuden the Movie: Blood Prison,7.2
436,The Trip,6.7
437,Grown Ups,6.3
438,Dragon Ball Z: Bio-Broly,5.8
439,Pirates of the Caribbean: Dead Men Tell No Tales,6.6
440,Ice Age: Dawn of the Dinosaurs,6.7
441,The Penitent Thief,4.2
442,Pokémon the Movie: Secrets of the Jungle,7.3
443,Scooby-Doo,6.0
444,Tangled,7.6
445,Iron Man 3,6.9
446,The Last Airbender,4.7
447,Catch the Bullet,5.8
448,Jumanji: The Next Level,7.0
449,Fifty Shades Darker,6.5
450,The Loud House Movie,7.8
451,The Secret to Be Told: Relationship With My Aunt,7.3
452,This Is Not a Comedy,6.1
453,Fear Street: 1994,6.8
454,Justice League,6.1
455,Incredibles 2,7.5
456,Ready Player One,7.6
457,Fantastic Beasts: The Secrets of Dumbledore,0.0
458,Snoopy Presents: For Auld Lang Syne,7.4
459,Scary Movie,6.3
460,No One Gets Out Alive,6.0
461,Interstellar,8.4
462,The Lego Batman Movie,7.2
463,Pokémon Detective Pikachu,7.0
464,Kate,6.7
465,"The Chronicles of Narnia: The Lion, the Witch and the Wardrobe",7.1
466,The Parent Trap,7.1
467,Beauty and the Beast,7.7
468,The Pilgrim's Progress,7.9
469,Thor: The Dark World,6.6
470,Dragon Ball GT: A Hero's Legacy,6.7
471,The Simpsons Movie,7.0
472,John Wick: Chapter 3 - Parabellum,7.4
473,Logan,7.8
474,Transformers: Age of Extinction,5.9
475,Inside Out,7.9
476,Bad Boys for Life,7.2
477,Voyagers,6.2
478,Terminator Genisys,5.9
479,The Lord of the Rings: The Two Towers,8.4
480,Parasite,8.5
481,The Many Saints of Newark,6.7
482,Central Intelligence,6.4
483,Up,7.9
484,Law Abiding Citizen,7.3
485,The Expendables,6.2
486,Fear Street: 1978,7.3
487,Birds of Prey (and the Fantabulous Emancipation of One Harley Quinn),7.0
488,David and the Elves,6.3
489,Predators,6.2
490,Body Brokers,6.5
491,Skylines,5.6
492,Fresh,7.0
493,Porn to Be Free,5.5
494,Solitary,5.7
495,Spiral: From the Book of Saw,6.2
496,Kingsman: The Golden Circle,7.0
497,22 vs. Earth,7.1
498,Furious 7,7.3
499,Guardians of the Galaxy Vol. 2,7.6
500,Toy Story 3,7.8
501,Caged,6.2
502,Honest Thief,6.5
503,Battle: Los Angeles,5.7
504,Ponyo,7.7
505,Spirited Away,8.5
506,Beauty and the Beast,7.0
507,Night in Paradise,7.0
508,Dragon Ball Z: Cooler's Revenge,6.9
509,No Manches Frida 2,8.1
510,Please Enlighten Me,2.0
511,Snow White and the Seven Dwarfs,7.1
512,Pokémon the Movie: I Choose You!,7.0
513,Captain Marvel,6.9
514,The Twilight Saga: Breaking Dawn - Part 2,6.5
515,Maleficent: Mistress of Evil,7.3
516,Grown Ups 2,6.1
517,The Town,7.2
518,Zootopia,7.7
519,Extinct,6.5
520,Zack and Miri Make a Porno,6.3
521,Fatherhood,7.6
522,Trigger Point,6.4
523,The Hobbit: The Desolation of Smaug,7.6
524,Ice Age: Continental Drift,6.3
525,Aquaslash,4.1
526,Man of Steel,6.6
527,Outside the Wire,6.4
528,The Texas Chainsaw Massacre: The Beginning,6.1
529,Munich: The Edge of War,6.9
530,Shrek the Third,6.3
531,Terminator Salvation,6.0
532,Call Me by Your Name,8.2
533,We Can Be Heroes,6.3
534,Southpaw,7.4
535,Penguins of Madagascar,6.5
536,Red Shoes and the Seven Dwarfs,7.8
537,San Andreas,6.2
538,John Carter,6.2
539,Spirit: Stallion of the Cimarron,7.7
540,American Pie Presents: The Book of Love,5.3
541,Dragon Ball Z: The Tree of Might,6.5
542,The Kissing Booth 3,7.2
543,The Courier,7.1
544,Given,8.5
545,The Twilight Saga: Breaking Dawn - Part 1,6.2
546,Into the Wind,4.9
547,Maleficent,7.1
548,Just Go with It,6.6
549,White Chicks,6.9
550,13 Hours: The Secret Soldiers of Benghazi,7.2
551,Sex Tape,5.4
552,Maze Runner: The Scorch Trials,6.7
553,Corpse Bride,7.5
554,Psycho-Pass 3: First Inspector,7.6
555,Palmer,8.1
556,Below Zero,6.4
557,Me Before You,7.9
558,Beckett,6.4
559,"Batman: The Long Halloween, Part Two",7.7
560,Ghost Rider: Spirit of Vengeance,5.0
561,Shazam!,7.1
562,I Want You,7.3
563,Clash of the Titans,5.9
564,Wrong Turn 3: Left for Dead,5.6
565,X-Men: Apocalypse,6.5
566,Tenet,7.2
567,Cirque du Freak: The Vampire's Assistant,5.7
568,Grudge,6.4
569,Next-Door Nightmare,6.2
570,Trollhunters: Rise of the Titans,7.9
571,Ice Age: The Meltdown,6.7
572,The Matrix,8.2
573,The Meg,6.2
574,Dragon Ball Z: Bojack Unbound,7.0
575,Ralph Breaks the Internet,7.2
576,Cars,6.9
577,Hidden Figures,8.0
578,Ted,6.4
579,The 8th Night,6.2
580,Prince of Persia: The Sands of Time,6.2
581,Creed,7.4
582,Captain America: The First Avenger,7.0
583,Brave,7.0
584,Madagascar,6.9
585,Chaos Walking,6.8
586,Dragon Ball Z: Super Android 13!,6.7
587,Life in a Year,8.3
588,Wreck-It Ralph,7.3
589,Yu-Gi-Oh!: The Dark Side of Dimensions,7.5
590,Come Play With Me,7.1
591,Naruto Shippuden the Movie: The Lost Tower,7.0
592,Dawn of the Planet of the Apes,7.3
593,Need for Speed,6.3
594,Batman Tech,7.2
595,Public Enemies,6.7
596,In Time,6.9
597,Rock Dog 2: Rock Around the Park,7.1
598,Hotel Transylvania 3: Summer Vacation,6.9
599,Dragon Ball Z: The Return of Cooler,6.6
600,Koati,7.6
601,No Manches Frida,7.8
602,The Nun,5.8
603,The Shack,7.4
604,A Forbidden Orange,4.1
605,"Batman: The Long Halloween, Part One",7.8
606,From Straight A's to XXX,5.6
607,Fall in Love at First Kiss,6.7
608,Taken 2,6.3
609,The Godfather,8.7
610,Dragon Ball Z: The World's Strongest,6.4
611,Maze Runner: The Death Cure,7.1
612,The Lion King II: Simba's Pride,7.0
613,Tarzan,7.4
614,Dragon Ball Z: Wrath of the Dragon,7.2
615,Aladdin,7.1
616,Whispering Corridors 6: The Humming,7.6
617,Fantastic Beasts: The Crimes of Grindelwald,6.9
618,Prometheus,6.5
619,Overcomer,7.7
620,Hellboy,5.5
621,How to Train Your Dragon: The Hidden World,7.8
622,Hotel Transylvania,7.0
623,The Island of Giant Insects,4.5
624,Inglourious Basterds,8.2
625,Star Wars,8.2
626,The Passion of the Christ,7.4
627,Nightbooks,6.5
628,Sexo,5.2
629,Christmas ...Again?!,6.9
630,Monsters University,7.0
631,Transformers: The Last Knight,6.0
632,Rio,6.7
633,The Guest,6.6
634,G.I. Joe: The Rise of Cobra,5.8
635,Mad Max: Fury Road,7.5
636,The King of Fighters,5.0
637,Framed by My Husband,5.5
638,Pinocchio,7.1
639,Godzilla: King of the Monsters,6.7
640,A Bug's Life,7.0
641,Kung Fu Panda,7.2
642,The SpongeBob SquarePants Movie,6.9
643,The Hangover Part II,6.4
644,Cinderella,6.8
645,Garfield,5.6
646,He's All That,6.8
647,Tentacles,6.3
648,Uncharted: Live Action Fan Film,5.0
649,X-Men: Days of Future Past,7.5
650,Dragon Ball Super: Broly,7.8
651,Howl's Moving Castle,8.4
652,Ice Age: Collision Course,6.0
653,Batman Forever,5.4
654,LEGO Star Wars Terrifying Tales,6.9
655,Shrek Forever After,6.3
656,The Intouchables,8.3
657,The Shawshank Redemption,8.7
658,Alita: Battle Angel,7.2
659,Shaun the Sheep: The Flight Before Christmas,7.1
660,The Princess and the Frog,7.1
661,American Sniper,7.4
662,The Gentlemen,7.7
663,Looking Back at it All: The Dragon Ball Z Year-End Show!,7.0
664,Host,6.6
665,Space Sweepers,7.2
666,The Emperor's New Groove,7.5
667,Demon Slayer: Kimetsu no Yaiba Sibling's Bond,9.1
668,Still Out of My League,6.8
669,The French Dispatch,7.2
670,Wrong Turn 2: Dead End,6.0
671,Ant-Man and the Wasp,7.0
672,The Equalizer,7.2
673,Bartkowiak,6.3
674,Orphan,6.9
675,Dinosaur,6.5
676,Knock Knock,5.3
677,The Croods,6.9
678,Brother Bear,7.2
679,The Power of the Dog,6.8
680,We Bare Bears: The Movie,7.9
681,Baywatch,6.1
682,Creed II,6.9
683,Bad Trip,6.1
684,Texas Chainsaw 3D,5.5
685,Ant-Man,7.1
686,Greenland,7.2
687,Chappie,6.8
688,All the Bright Places,7.7
689,Hercules,7.5
690,Scary Movie 2,5.8
691,Pacific Rim: Uprising,6.1
692,Spencer,7.2
693,Scary Movie 5,4.8
694,La Llorona,6.5
695,Power Rangers,6.3
696,Night Teeth,6.6
697,Salt,6.4
698,Terminator: Dark Fate,6.5
699,Willy's Wonderland,6.3
700,How to Train Your Dragon 2,7.7
701,CODA,8.1
702,Despicable Me 2,6.9
703,Anonymously Yours,8.0
704,How to Train Your Dragon,7.8
705,Dragon Ball Z: Fusion Reborn,7.5
706,100% Wolf,5.9
707,Sex with Love,6.5
708,Ride Your Wave,7.5
709,Skyfall,7.2
710,Angels & Demons,6.7
711,Let's Be Cops,6.4
712,Conan the Barbarian,5.3
713,El mesero,8.2
714,Saint Seiya Heaven Chapter: Overture,7.7
715,Candyman,6.2
716,Stand by Me Doraemon,7.3
717,Aquaman,6.9
718,Warrior,7.8
719,Despicable Me,7.2
720,The Twilight Saga: New Moon,6.0
721,Machine Gun Preacher,6.7
722,In for a Murder,5.6
723,Altered Carbon: Resleeved,6.5
724,Porno,4.3
725,Lilo & Stitch,7.5
726,Exodus: Gods and Kings,5.8
727,The Experiment,6.4
728,Universal Soldier: Regeneration,5.6
729,There's Someone Inside Your House,5.6
730,Dragon Ball Z Special 9 - Future Trunks Special,7.6
731,The Green Mile,8.5
732,Dreamcatcher,6.2
733,The Remaining,5.6
734,American Reunion,6.3
735,17 Again,6.3
736,The Scientist,6.4
737,The Grinch,6.8
738,A Taste of Hunger,5.7
739,The Hangover Part III,6.2
740,Special Forces,6.7
741,August Never Ends,2.0
742,I Want to Eat Your Pancreas,8.3
743,Sentinelle,5.9
744,Naruto Shippuden the Movie: The Will of Fire,7.3
745,Aladdin,7.6
746,Escape the Undertaker,5.3
747,How the Grinch Stole Christmas,6.7
748,Star Wars: The Rise of Skywalker,6.4
749,Sucker Punch,6.1
750,Cell 211,7.5
751,Pixels,5.7
752,No Sudden Move,6.4
753,Bambi,7.0
754,Yes Man,6.6
755,Butchers,4.9
756,The Exorcist,7.7
757,The New Mutants,6.3
758,TEKKEN,5.4
759,Mickey's Tale of Two Witches,7.2
760,Euphoria,6.4
761,Dumbo,7.0
762,Werewolves Within,6.2
763,Wrath of the Titans,5.7
764,Unknown,6.7
765,Megalodon,5.7
766,The Texas Chain Saw Massacre,7.3
767,Batman: Hush,7.3
768,Phineas and Ferb: The Movie: Candace Against the Universe,7.5
769,Alice in Wonderland,7.2
770,A Whisker Away,8.0
771,Lulli,6.0
772,The Secret Life of Pets 2,7.0
773,The Virtuoso,6.3
774,Assassins,7.3
775,Dragon Ball Z: Lord Slug,6.4
776,Uncle Drew,6.7
777,Fairy Tail: Dragon Cry,6.6
778,Dinosaur Hotel,5.2
779,Saving Private Ryan,8.2
780,Insurgent,6.4
781,No Strings Attached,6.3
782,The First Purge,6.0
783,xXx: Return of Xander Cage,5.8
784,Blended,6.8
785,Star Wars: The Force Awakens,7.3
786,Bloodthirsty,5.7
787,Suicide Squad,5.9
788,The Seventh Day,5.6
789,Scream,7.3
790,The Good Dinosaur,6.7
791,Saint Seiya: Legend of Sanctuary,6.5
792,Alone,6.2
793,America: The Motion Picture,5.8
794,Kong: Skull Island,6.5
795,Zombieland,7.3
796,Annabelle Comes Home,6.4
797,Jackie Chan Kung Fu Master,4.4
798,Thinking XXX,5.0
799,Attack on Titan,5.9
800,My Father's Violin,8.0
801,Millonario sin amor,8.0
802,TRON: Legacy,6.4
803,Godzilla,6.3
804,Men in Black 3,6.5
805,Descendants,7.1
806,Sleeping Beauty,6.9
807,Split,7.3
808,Vanquish,5.8
809,The Tax Collector,5.7
810,Dragon Ball Z: The Real 4-D at Super Tenkaichi Budokai,6.8
811,Hansel & Gretel: Witch Hunters,6.0
812,Kabaneri of the Iron Fortress: The Battle of Unato,7.1
813,New Gods: Nezha Reborn,8.3
814,The Hunger Games: Mockingjay - Part 2,6.9
815,Those Who Wish Me Dead,6.8
816,A Boy Called Christmas,7.6
817,Cinderella,6.6
818,One Hundred and One Dalmatians,7.2
819,Dragon Ball: Yo! Son Goku and His Friends Return!!,6.3
820,The Kissing Booth,7.3
821,Now You See Me,7.4
822,The Purge: Election Year,6.4
823,Long Story Short,7.0
824,Is It Wrong to Try to Pick Up Girls in a Dungeon?: Arrow of the Orion,7.8
825,A Haunted House,5.7
826,22 Bullets,6.6
827,101 Dalmatians,5.9
828,The Jungle Book,7.3
829,It,7.2
830,Trolls World Tour,7.4
831,The Lost City,0.0
832,Vacation Friends,7.2
833,Mission: Impossible - Ghost Protocol,7.0
834,The Little Things,6.4
835,Tokyo Ghoul,7.0
836,John Wick,7.4
837,Hotel Transylvania 2,6.8
838,Jumanji: Welcome to the Jungle,6.8
839,A Walk Among the Tombstones,6.3
840,Underworld: Awakening,6.3
841,Young and Wild,6.3
842,Wild Card,5.6
843,Tune in for Love,7.9
844,The Sorcerer and the White Snake,6.2
845,The Funeral Home,4.6
846,Peter Pan,7.2
847,Star Wars: The Last Jedi,6.9
848,The Book of Life,7.5
849,Bumblebee,6.7
850,Maquia: When the Promised Flower Blooms,8.3
851,Benny Loves You,6.3
852,Licorice Pizza,7.1
853,The Larva Island Movie,7.3
854,Finding Grace,6.3
855,Batman: The Killing Joke,6.6
856,Countdown,6.4
857,Don't Be a Menace to South Central While Drinking Your Juice in the Hood,6.9
858,Stay Out of the Attic,5.8
859,Alien: Covenant,6.0
860,Divergent,6.9
861,Geostorm,6.1
862,The Flu,7.5
863,Baba Yaga: Terror of the Dark Forest,6.0
864,Fifty Shades of Black,4.9
865,The Boy in the Striped Pyjamas,7.9
866,Miss Peregrine's Home for Peculiar Children,6.8
867,The King's Avatar: For the Glory,6.9
868,Black Island,6.1
869,Kung Fu Panda 3,6.8
870,"Tad, the Lost Explorer, and the Secret of King Midas",6.5
871,Monkey King: Hero Is Back,7.0
872,That's My Boy,5.7
873,Justice Society: World War II,7.7
874,The Fox and the Hound 2,6.0
875,WALL·E,8.1
876,Five Feet Apart,8.3
877,Baby Driver,7.5
878,Blitz,6.1
879,Saga of Tanya the Evil: The Movie,8.0
880,Descendants 3,7.9
881,Cherry,7.5
882,Hypnotic,6.1
883,I See You,7.0
884,The Tender Bar,6.7
885,The Chronicles of Narnia: Prince Caspian,6.6
886,Parallel Mothers,6.9
887,The Grey,6.6
888,Madagascar 3: Europe's Most Wanted,6.6
889,Rambo: Last Blood,6.5
890,The Mummy,6.8
891,Scoob!,7.2
892,The Incredible Hulk,6.2
893,Lucy,6.4
894,The Lost Daughter,6.6
895,Annabelle: Creation,6.6
896,War for the Planet of the Apes,7.1
897,Ferdinand,7.2
898,The Hitman's Bodyguard,6.9
899,Wrong Turn 5: Bloodlines,5.4
900,Knight and Day,6.2
901,Cheese in the Trap,6.7
902,The Matrix Revolutions,6.7
903,Stan Helsing,4.3
904,White Snake,7.8
905,Hercules,5.7
906,Skipping Stones,5.3
907,Wrong Turn 4: Bloody Beginnings,5.7
908,The Purge,6.3
909,Ghostbusters,5.4
910,Trinity Seven 2: Heaven's Library & Crimson Lord,7.9
911,Scream 4,6.4
912,Viking Quest,4.6
913,Jonah Hex,4.9
914,Robin Robin,7.3
915,Nobody Sleeps in the Woods Tonight,5.0
916,Drive,7.6
917,Spider-Man: Across the Spider-Verse (Part One),0.0
918,Blade Runner 2049,7.5
919,Superman: Doomsday,6.7
920,District 9,7.4
921,The Angry Birds Movie 2,7.2
922,A Nun's Curse,6.3
923,White House Down,6.4
924,Star Trek,7.4
925,Taken,7.4
926,Upside-Down Magic,7.3
927,Onward,7.8
928,The Predator,5.6
929,Miracles from Heaven,7.4
930,A Haunted House 2,6.1
931,The Martian,7.7
932,Despicable Me 3,6.4
933,Chicuarotes,7.6
934,I'm Not Ashamed,7.5
935,Django Unchained,8.1
936,The Ice Road,7.1
937,Season of the Witch,5.4
938,Olympus Has Fallen,6.4
939,Total Recall,6.0
940,Barbie as The Princess & the Pauper,7.5
941,Breach,4.4
942,Super 8,6.7
943,Thunder Force,5.7
944,God's Not Dead: A Light in Darkness,7.0
945,Single All the Way,6.5
946,An Interview with God,7.0
947,Fear of Rain,7.2
948,Child's Play,6.6
949,Rampage,6.5
950,Barbie & Chelsea: The Lost Birthday,7.4
951,The Matrix Reloaded,7.0
952,Fear Street: 1666,7.3
953,The Mummy Returns,6.3
954,"Happy Halloween, Scooby-Doo!",8.0
955,Safer at Home,5.6
956,Dragon Ball Z: Bardock - The Father of Goku,7.5
957,Madagascar: Escape 2 Africa,6.4
958,Happy Feet,6.1
959,Resort to Love,7.3
960,Night at the Museum: Secret of the Tomb,6.2
961,Swan Song,7.4
962,Odd Thomas,6.9
963,"I Love You, Beth Cooper",5.9
964,Fat Ass Zombies,4.8
965,Joseph: King of Dreams,6.6
966,Glass,6.7
967,Superbad,7.2
968,Constantine,7.0
969,Cinderella II: Dreams Come True,6.1
970,Lolita,7.1
971,12 Rounds,5.9
972,Ghost Rider,5.5
973,Paul,6.7
974,The Equalizer 2,6.6
975,The Nightmare Before Christmas,7.8
976,How to Train Your Dragon: Homecoming,8.2
977,Women,5.7
978,The Warrior's Way,6.6
979,Shadow in the Cloud,5.8
980,Pain & Gain,6.2
981,The Lion King 1½,6.6
982,Scooby-Doo! The Sword and the Scoob,8.0
983,The Expendables 2,6.3
984,Uncharted,3.6
985,Wrong Turn,6.3
986,Héctor El Father: Conocerás la verdad,7.6
987,A Quiet Place,7.4
988,Photocopier,7.0
989,Tom and Jerry: The Fast and the Furry,7.0
990,Deep Blue Sea 3,6.0
991,Bound by Honor,8.1
992,The Hunger Games: Catching Fire,7.4
993,Rambo,6.6
994,Apocalypto,7.5
995,Alice in Wonderland,6.6
996,Project Gemini,5.2
997,Red Dot,5.9
998,Bohemian Rhapsody,8.0
999,Ford v Ferrari,8.0
1000,Sword Art Online: The Movie – Ordinal Scale,7.7
1001,Desire,5.4
1002,Rio 2,6.5
1003,Rambo: First Blood Part II,6.6
1004,Home Alone 2: Lost in New York,6.7
1005,Kung Fu Panda 2,6.9
1006,Bad Lieutenant: Port of Call - New Orleans,6.1
1007,The Godfather: Part II,8.6
1008,Perfume: The Story of a Murderer,7.3
1009,Blood Red Sky,7.1
1010,Gemini Man,6.4
1011,Dead Like Me: Life After Death,6.2
1012,Feels Like Euphoria,5.1
1013,The Notebook,7.9
1014,Cinderella III: A Twist in Time,6.5
1015,Dragon Blade,6.3
1016,The Voyeurs,6.7
1017,Jupiter Ascending,5.4
1018,A Journal for Jordan,7.4
1019,Wild Child,6.7
1020,Cowboys & Aliens,5.6
1021,Ready or Not,7.1
1022,El refugio,6.6
1023,Hitman: Agent 47,5.8
1024,Beverly Hills Chihuahua 3: Viva la Fiesta!,6.3
1025,Annabelle,5.7
1026,Sherlock Holmes: A Game of Shadows,7.1
1027,American Pie 2,6.2
1028,Mary Magdalene,6.3
1029,The A-Team,6.4
1030,The Great Wall,6.0
1031,Godmothered,6.9
1032,"Curious George: Go West, Go Wild",6.2
1033,Titane,6.5
1034,Robin Hood,6.4
1035,Secret Society of Second Born Royals,6.8
1036,Brothers by Blood,5.8
1037,Kubo and the Two Strings,7.7
1038,Troy,7.1
1039,The Hunger Games,7.2
1040,Hachi: A Dog's Tale,8.0
1041,American Pie Presents: The Naked Mile,5.5
1042,Annette,7.0
1043,22 Jump Street,6.8
1044,Crisis,6.5
1045,Saw,7.4
1046,Secret of the Wings,7.1
1047,The Day Naruto Became Hokage,7.6
1048,American Pie,6.5
1049,Scream 2,6.4
1050,Independence Day: Resurgence,5.2
1051,Sicario,7.4
1052,The Purge: Anarchy,6.7
1053,Chronicle,6.8
1054,Insidious,6.9
1055,The Ten Commandments,7.7
1056,Skyline,4.9
1057,The Heat,6.6
1058,Cats & Dogs 3: Paws Unite,6.6
1059,Bride of Chucky,5.9
1060,Edge of Tomorrow,7.6
1061,Avatar 2,0.0
1062,The Expendables 3,6.2
1063,Predestination,7.4
1064,Now You See Me 2,6.8
1065,Jackass 3D,6.6
1066,Don't Breathe,7.0
1067,The Platform,7.0
1068,Limitless,7.2
1069,Forrest Gump,8.5
1070,Chemical Hearts,7.5
1071,Mortal Engines,6.2
1072,Dark Phoenix,6.0
1073,Barbie as Rapunzel,7.0
1074,Barbie: Princess Adventure,7.4
1075,Dragon Ball Z: The History of Trunks,7.6
1076,Underworld: Blood Wars,5.8
1077,Stuart Little,6.0
1078,Megamind,6.9
1079,Solo: A Star Wars Story,6.6
1080,The Banishing,5.4
1081,Unbroken: Path to Redemption,6.9
1082,Knives Out,7.9
1083,Malena,7.4
1084,Sanctum,5.9
1085,Confessions of an Invisible Girl,7.0
1086,The Rental,5.6
1087,A Classic Horror Story,5.9
1088,"I, Robot",6.9
1089,Scarface,8.2
1090,Shanghai Fortress,5.6
1091,The Mad Hatter,5.8
1092,The Devil Wears Prada,7.4
1093,Aftermath,6.5
1094,Naruto Shippuden the Movie: Bonds,7.2
1095,The Walking Dead,6.8
1096,Dear Evan Hansen,6.5
1097,Bolt,6.5
1098,Mission: Impossible - Fallout,7.4
1099,Under Wraps,6.7
1100,Fireworks,6.5
1101,Hummingbird,6.2
1102,HK: Hentai Kamen 2 - Abnormal Crisis,6.5
1103,Rumble,6.9
1104,"Batman: The Dark Knight Returns, Part 1",7.8
1105,Pixie Hollow Bake Off,
1106,,
1107,,
1108,,
1109,,
1110,,
1111,,
1112,,
1113,,
1114,,
1115,61.328,Animation
1116,Zombieland: Double Tap,7.0
1117,Rocky,7.8
1118,Gifted,8.1
1119,Escape Room,6.5
1120,A un paso de mí,6.9
1121,Colombiana,6.6
1122,Boiling Point,7.3
1123,Anastasia,7.6
1124,Insensate,6.8
1125,The Craft: Legacy,6.4
1126,"Big Mommas: Like Father, Like Son",5.6
1127,Descendants 2,7.4
1128,Death Race 2,5.8
1129,Straight Outta Compton,7.8
1130,Prey,4.6
1131,Frozen Fever,6.8
1132,Back to the Future,8.3
1133,The Kids Are Alright: Destination Asturias,4.7
1134,The Magnificent Seven,6.4
1135,Money Heist: The Phenomenon,7.5
1136,A Good Day to Die Hard,5.3
1137,The Marco Effect,6.3
1138,The Tourist,6.2
1139,Intrusion,6.1
1140,Terminator 2: Judgment Day,8.1
1141,The Iron Giant,7.9
1142,Final Destination,6.5
1143,Sausage Party,5.7
1144,Finding 'Ohana,6.5
1145,Corpus Christi,7.8
1146,Benedetta,6.8
1147,The Dinosaur Project,5.4
1148,Son of Batman,7.1
1149,Confessions of a Shopaholic,6.4
1150,Life Is Beautiful,8.5
1151,Infidelity in Suburbia,6.2
1152,La Casa,6.4
1153,Over the Moon,7.4
1154,Rise of the Guardians,7.4
1155,Jennifer's Body,5.8
1156,One Piece Film: Z,7.5
1157,The Mortal Instruments: City of Bones,6.4
1158,We Are Nothing,3.5
1159,Undercover Wedding Crashers,5.8
1160,Idiocracy,6.3
1161,Pokémon the Movie: Volcanion and the Mechanical Marvel,6.6
1162,Lady and the Tramp,7.1
1163,"Paul, Apostle of Christ",7.4
1164,Nymphomaniac: Vol. II,6.8
1165,Hotel Desire,5.9
1166,CJ7,7.2
1167,Rise of the Mummy,5.3
1168,Aquaman and The Lost Kingdom,0.0
1169,Beverly Hills Chihuahua,5.3
1170,Scary Movie 3,6.0
1171,The Aristocats,7.3
1172,Soy leyenda,6.2
1173,American Pie Presents: Girls' Rules,6.4
1174,Spy Kids,5.8
1175,Cyrano,6.3
1176,Undisputed II: Last Man Standing,7.3
1177,Belle,8.4
1178,The Legend of Tarzan,5.9
1179,Avengers Confidential: Black Widow & Punisher,6.4
1180,Léon: The Professional,8.3
1181,Away,6.4
1182,Cloudy with a Chance of Meatballs,6.6
1183,21 Jump Street,6.9
1184,101 Dalmatians II: Patch's London Adventure,6.0
1185,Scouts Guide to the Zombie Apocalypse,6.5
1186,Barbie: Princess Charm School,7.4
1187,City Under Siege,4.9
1188,300: Rise of an Empire,6.1
1189,Couples Retreat,5.5
1190,Songbird,6.2
1191,Indiana Jones and the Temple of Doom,7.3
1192,To All the Boys I've Loved Before,7.7
1193,Bee Movie,6.0
1194,Willy Wonka & the Chocolate Factory,7.5
1195,War Dogs,6.9
1196,Twist,6.1
1197,Barbie in The 12 Dancing Princesses,7.7
1198,Grumpy Christmas,7.5
1199,Attack on Titan II: End of the World,5.8
1200,The SpongeBob Movie: Sponge Out of Water,6.1
1201,Alice Through the Looking Glass,6.5
1202,Spectre,6.5
1203,Red Tails,6.5
1204,Cloudy with a Chance of Meatballs 2,6.4
1205,Lockout,5.9
1206,The Wolf of Snow Hollow,6.2
1207,Hellboy,6.7
1208,Gone Girl,7.9
1209,A Dog's Purpose,7.6
1210,Gladiator,8.2
1211,Predator,7.5
1212,Angel Has Fallen,6.5
1213,Freddy vs. Jason,6.0
1214,9,6.9
1215,Due Date,6.3
1216,Porno Unplugged,6.3
1217,Fantasia,7.4
1218,Jack the Giant Slayer,5.8
1219,Zog and the Flying Doctors,7.0
1220,Rango,6.8
1221,Heaven Is for Real,6.6
1222,Arrival,7.6
1223,Ambulance,0.0
1224,The Mummy,5.5
1225,I Spit on Your Grave,6.5
1226,Mamma Mia!,7.0
1227,Prisoners,8.0
1228,The Final Destination,5.6
1229,The Sword in the Stone,7.2
1230,Carrie,6.2
1231,"tick, tick... BOOM!",7.9
1232,Batman: Soul of the Dragon,7.0
1233,Guardians of the Galaxy,7.9
1234,After Yang,7.4
1235,Wolf Children,8.3
1236,Mirai,7.3
1237,Trolls,6.7
1238,Happy Feet Two,6.1
1239,Bride Wars,6.2
1240,Xico's Journey,6.7
1241,Naruto: Ninja Clash in the Land of Snow,7.3
1242,Shark Tale,6.0
1243,The Book of Daniel,7.3
1244,The Girl Next Door,6.7
1245,Captain America: The Winter Soldier,7.7
1246,Final Destination 5,6.0
1247,Death Race: Inferno,5.8
1248,Cencoroll Connect,7.1
1249,Brian Banks,7.3
1250,Snowpiercer,6.9
1251,The Shining,8.2
1252,Go! Go! Cory Carson: Chrissy Takes the Wheel,5.8
1253,Europa Report,6.2
1254,Rogue One: A Star Wars Story,7.5
1255,Casino Royale,7.5
1256,Batman & Jesus,5.7
1257,Alvin and the Chipmunks: Chipwrecked,5.7
1258,The Road to El Dorado,7.2
1259,Igor,6.0
1260,Red Dawn,5.6
1261,"Batman: The Dark Knight Returns, Part 2",8.0
1262,13 Assassins,7.3
1263,Pearl Harbor,6.9
1264,Ray Donovan: The Movie,6.9
1265,Breathless,5.9
1266,Scary Movie 4,5.5
1267,The Mask,6.9
1268,Never Back Down: No Surrender,7.0
1269,American Pie Presents: Beta House,5.6
1270,The Kissing Booth 2,7.8
1271,Hitman's Wife's Bodyguard,6.8
1272,House of Wax,5.9
1273,6 Underground,6.3
1274,Final Destination 3,6.1
1275,Ocean's Eight,7.0
1276,Nocturnal Animals,7.5
1277,Just Say Yes,6.6
1278,Rise of the Planet of the Apes,7.3
1279,The Call of the Wild,7.6
1280,Nightcrawler,7.7
1281,Monster House,6.6
1282,Insidious: The Last Key,6.2
1283,Pets United,6.0
1284,Slate,5.5
1285,Alvin and the Chipmunks,5.8
1286,Just a Breath Away,6.3
1287,28 Days Later,7.2
1288,The Wizard of Oz,7.6
1289,After Earth,5.2
1290,Norbit,5.6
1291,The Boy and the Beast,8.0
1292,Dirty Grandpa,5.9
1293,The Lion Guard: Return of the Roar,6.5
1294,The Emoji Movie,5.6
1295,One Piece Film: GOLD,7.2
1296,Rocky IV,7.0
1297,Batman: Under the Red Hood,7.8
1298,Brother Bear 2,6.7
1299,Scream 3,5.9
1300,Chicken Run,6.7
1301,The Doorman,5.9
1302,Maya the Bee: The Golden Orb,6.6
1303,Jaws,7.6
1304,Night at the Museum: Battle of the Smithsonian,6.1
1305,Dragonball Evolution,2.8
1306,Sharkdog’s Fintastic Halloween,4.0
1307,The Call,6.8
1308,Mariposa,7.2
1309,Bad Boys,6.8
1310,Sijjin 6,5.7
1311,The Mermaid,6.4
1312,My Neighbor Totoro,8.1
1313,Men in Black,7.2
1314,El Infierno,7.7
1315,Ong Bak: Muay Thai Warrior,7.1
1316,The Beverly Hillbillies,6.1
1317,Alien,8.1
1318,Fantastic Four,4.4
1319,The Curse of La Llorona,5.7
1320,Den of Thieves,6.7
1321,Home on the Range,6.0
1322,Pulp Fiction,8.5
1323,The Other Guys,6.3
1324,Soul Surfer,7.1
1325,Bāhubali: The Beginning,7.5
1326,Pokémon the Movie: The Power of Us,7.0
1327,Schindler's List,8.6
1328,Noah,5.6
1329,The Three Stooges,5.7
1330,The Polar Express,6.7
1331,Pokémon the Movie: Hoopa and the Clash of Ages,6.7
1332,Tall Girl,6.4
1333,Shutter Island,8.2
1334,Seed of Chucky,5.4
1335,House of the Witch,4.8
1336,Freaks,6.8
1337,Mulan II,6.5
1338,Madres,6.2
1339,Instructions for Su,7.9
1340,Kick-Ass,7.1
1341,Enchanted,6.8
1342,The Watch,5.5
1343,Sex and Lucía,6.6
1344,Final Destination 2,6.2
1345,Flipped,7.9
1346,Naruto: Guardians of the Crescent Moon Kingdom,7.1
1347,Seeking Justice,5.9
1348,The Losers,6.3
1349,Together Together,6.9
1350,He's Just Not That Into You,6.5
1351,The Man from Nowhere,7.7
1352,Ocean's Thirteen,6.7
1353,Paranormal Activity,6.0
1354,Extraction,7.4
1355,Alvin and the Chipmunks: The Squeakquel,5.6
1356,The Match,6.1
1357,The Hating Game,7.6
1358,Mechanic: Resurrection,5.9
1359,A Dog Named Palma,8.4
1360,Pretty Woman,7.4
1361,Warcraft,6.3
1362,Dora and the Lost City of Gold,6.8
1363,Aliens vs Predator: Requiem,5.1
1364,Tod@s Caen,7.7
1365,The Addams Family,6.7
1366,The Adventures of Sharkboy and Lavagirl,5.1
1367,Sicario: Day of the Soldado,6.9
1368,Wotakoi: Love is Hard for Otaku,7.1
1369,The Last Witch Hunter,5.9
1370,Hannah Montana: The Movie,6.6
1371,Chunin Exam on Fire! and Naruto vs. Konohamaru!,7.7
1372,Princess Protection Program,6.6
1373,Spider-Man 2,7.2
1374,How I Fell in Love with a Gangster,6.8
1375,Sex and the City 2,6.1
1376,The 5th Wave,5.9
1377,Seventh Son,5.5
1378,Saw IV,6.1
1379,The Ten Commandments: The Movie,7.3
1380,Saw III,6.4
1381,R.I.P.D.,5.8
1382,Kuroko's Basketball the Movie: Last Game,7.8
1383,War Room,7.9
1384,Kizumonogatari Part 3: Reiketsu,8.1
1385,The Hand of God,7.7
1386,Legally Blondes,5.6
1387,Treasure Planet,7.5
1388,LEGO Monkie Kid: A Hero Is Born,5.4
1389,Hereditary,7.2
1390,Flora & Ulysses,6.6
1391,Here Today,7.4
1392,The Babysitter: Killer Queen,6.5
1393,Evil Dead,6.5
1394,Machete,6.3
1395,Sputnik,6.5
1396,Hunter Killer,6.8
1397,Ballerina,7.2
1398,Fantastic Four: Rise of the Silver Surfer,5.6
1399,Flashback,6.5
1400,Friends with Benefits,6.7
1401,War of Likes,7.8
1402,Teenage Mutant Ninja Turtles: Out of the Shadows,6.0
1403,The Revenant,7.5
1404,The Fault in Our Stars,7.6
1405,School-Live!,7.1
1406,Ella Enchanted,6.4
1407,Dead Heat,6.0
1408,Dumb and Dumber To,5.5
1409,Tinker Bell and the Pirate Fairy,6.8
1410,Tropic Thunder,6.6
1411,Super Monsters: Once Upon a Rhyme,6.4
1412,The Last Survivors,6.3
1413,Ghostbusters,7.5
1414,The Mad Women's Ball,7.2
1415,The Jungle Book,6.9
1416,Naruto to Boruto: The Live 2019,6.6
1417,Snow White and the Huntsman,6.0
1418,The Princess Switch 3: Romancing the Star,7.0
1419,The Interview,6.2
1420,Marley & Me,7.2
1421,The Blind Side,7.7
1422,The Imitation Game,8.0
1423,Truth or Dare,6.0
1424,The Angry Birds Movie,6.2
1425,Boyz n the Hood,7.6
1426,Friday the 13th,5.8
1427,Bordello of Blood,5.9
1428,Pride & Prejudice,8.1
1429,The Lost City of Z,6.4
1430,3 Idiots,8.0
1431,The NeverEnding Story,7.2
1432,First Blood,7.4
1433,The Terminator,7.6
1434,365 Days,7.0
1435,The Jack in the Box,5.6
1436,Focus,6.9
1437,Mean Girls,7.2
1438,Gods of Egypt,5.6
1439,Abominable,7.6
1440,To All the Boys: Always and Forever,7.7
1441,Endangered Species,6.1
1442,Get Out,7.6
1443,Safe,6.4
1444,Year One,4.9
1445,Ghost in the Shell,6.0
1446,Riddick,6.3
1447,The Anthem of the Heart,7.6
1448,Barbie: A Fashion Fairytale,7.2
1449,Spy Kids 2: The Island of Lost Dreams,5.6
1450,Containment,5.9
1451,Secret Magic Control Agency,7.2
1452,Rush Hour,7.0
1453,Outcast,5.0
1454,The Legend of the Galactic Heroes: Die Neue These Seiran 1,8.0
1455,State of Play,6.8
1456,Puff: Wonders of the Reef,7.8
1457,Tracers,6.0
1458,The Corpse of Anna Fritz,7.0
1459,Saw II,6.6
1460,The Lone Ranger,6.1
1461,Muppets Haunted Mansion,6.7
1462,Jeepers Creepers 2,6.1
1463,Blade,6.7
1464,Elysium,6.5
1465,Ride or Die,6.5
1466,Johnny English Reborn,6.2
1467,Barbie Fairytopia: Mermaidia,6.8
1468,Insidious: Chapter 3,6.3
1469,3096 Days,7.5
1470,Kiki's Delivery Service,7.8
1471,Little Man,5.9
1472,Rambo III,6.1
1473,Pitch Perfect 2,6.9
1474,Whiplash,8.4
1475,Pan's Labyrinth,7.7
1476,No Game No Life: Zero,7.9
1477,Justice League: Doom,7.5
1478,The Smurfs,5.8
1479,Missing Link,7.0
1480,Matilda,7.1
1481,The Devil's Advocate,7.4
1482,Sin City: A Dame to Kill For,6.4
1483,The Medium,7.1
1484,Jeepers Creepers,6.4
1485,Contraband,6.3
1486,The Chronicles of Narnia: The Voyage of the Dawn Treader,6.4
1487,Black Fox,7.0
1488,Barbie in the Nutcracker,6.8
1489,Belfast,7.2
1490,Stillwater,6.8
1491,Rush Hour 2,6.7
1492,The Night House,6.7
1493,Fate/kaleid liner Prisma☆Illya: Vow in the Snow,6.8
1494,Gold,6.5
1495,Once Upon a Time… in Hollywood,7.4
1496,Bedtime Stories,6.1
1497,The Wild,5.5
1498,Once Upon a Deadpool,7.1
1499,Easy A,6.8
1500,Spider-Man,5.5
1501,Deep,6.4
1502,God's Not Dead 2,6.1
1503,Valerian and the City of a Thousand Planets,6.6
1504,I Am All Girls,6.7
1505,Whisper of the Heart,7.9
1506,Parker,6.0
1507,Gangubai Kathiawadi,8.2
1508,Rush Hour 3,6.4
1509,Moxie,7.4
1510,Transformers: Beginnings,6.9
1511,The Guilty,6.4
1512,Catch Me If You Can,8.0
1513,Undisputed,6.5
1514,Empire State,5.3
1515,Hostel: Part II,5.8
1516,10.0 Earthquake,4.9
1517,A Walk to Remember,7.7
1518,Hellboy II: The Golden Army,6.7
1519,Funny People,5.8
1520,Dragon Ball: Episode of Bardock,6.8
1521,Akira,8.0
1522,Minions: The Rise of Gru,0.0
1523,The Ugly Truth,6.5
1524,The Cat in the Hat,5.3
1525,Virgin Territory,4.5
1526,(500) Days of Summer,7.3
1527,Disobedience,6.9
1528,The Protector,7.1
1529,Project Almanac,6.6
1530,Respect,6.7
1531,Fences,6.8
1532,Midway,7.1
1533,Leatherface,5.5
1534,Castle in the Sky,8.0
1535,The Next Three Days,7.1
1536,Twilight,6.5
1537,John and the Hole,6.1
1538,Fireproof,7.4
1539,Paul Blart: Mall Cop,5.4
1540,Spy Kids 3-D: Game Over,5.1
1541,The Ogglies: Welcome to Smelliville,7.3
1542,"Diego, The Last Goodbye",6.0
1543,Barbie of Swan Lake,7.0
1544,Dragons: Dawn Of The Dragon Racers,7.2
1545,Fearless,7.5
1546,The Fourth Musketeer,6.0
1547,Shaolin Soccer,7.0
1548,Chinese Zodiac,6.2
1549,Halloween,6.5
1550,The Forgotten Battle,7.2
1551,The Hunchback of Notre Dame,7.1
1552,Scandalous Sex,7.2
1553,Tower Heist,6.0
1554,Princess Mononoke,8.4
1555,Pet Sematary,5.7
1556,Don't Listen,6.5
1557,The Addams Family,7.0
1558,Kids Are Back,5.1
1559,Tinker Bell and the Legend of the NeverBeast,7.1
1560,The Texas Chainsaw Massacre 2,5.6
1561,Mermaid Down,6.7
1562,Crystal Skulls,4.8
1563,Crazy About Her,7.2
1564,"The Gangster, the Cop, the Devil",7.7
1565,The Flintstones,5.3
1566,London Has Fallen,6.1
1567,Rurouni Kenshin Part I: Origins,7.6
1568,Saw 3D,6.0
1569,King Arthur: Legend of the Sword,6.5
1570,Initiation,5.7
1571,The Christmas Chronicles: Part Two,6.6
1572,Men in Black: International,6.0
1573,American Psycho,7.4
1574,Justice League Dark: Apokolips War,8.4
1575,I Spit on Your Grave 2,6.3
1576,Hole in One,4.1
1577,A Babysitter's Guide to Monster Hunting,6.2
1578,Insidious: Chapter 2,6.7
1579,Into the White,6.9
1580,Ladybug & Cat Noir: Awakening,0.0
1581,Artemis Fowl,5.7
1582,Bad Boys II,6.6
1583,Cult of Chucky,5.8
1584,The Change-Up,6.1
1585,The Godfather: Part III,7.4
1586,Life of Pi,7.4
1587,In the Name of the King 2: Two Worlds,3.9
1588,Full Metal Jacket,8.1
1589,Justice League vs. Teen Titans,7.4
1590,Street Gang: How We Got to Sesame Street,6.7
1591,Facing the Giants,7.5
1592,Woody Woodpecker,6.7
1593,Jojo Rabbit,8.1
1594,Black Box,6.5
1595,Tooth Fairy,5.5
1596,Finding Dory,7.0
1597,Alvin and the Chipmunks: The Road Chip,6.0
1598,Daisy Quokka: World’s Scariest Animal,6.9
1599,The Fox and the Hound,7.1
1600,Bright: Samurai Soul,6.0
1601,Batman,6.3
1602,The Mummy: Tomb of the Dragon Emperor,5.4
1603,Dead Silence,6.4
1604,8-Bit Christmas,6.5
1605,The Mitchells vs. the Machines,8.0
1606,Dragonheart 3: The Sorcerer's Curse,5.4
1607,The Pursuit of Happyness,7.9
1608,Mission: Impossible - Rogue Nation,7.2
1609,A Nightmare on Elm Street,7.3
1610,Killer Elite,6.3
1611,King Kong,6.8
1612,300,7.2
1613,Drive My Car,7.6
1614,Superman,7.1
1615,Star Wars: Episode II - Attack of the Clones,6.5
1616,Home Alone 3,5.3
1617,No Good Deed,6.0
1618,We Broke Up,6.1
1619,Barbie in A Mermaid Tale,7.2
1620,The Day,5.1
1621,Predator 2,6.2
1622,Tomorrowland,6.2
1623,Addams Family Values,6.9
1624,Don't Blame the Kid,7.7
1625,The Empire of Corpses,6.1
1626,Star Trek Into Darkness,7.3
1627,The Walking Dead: The Journey So Far,7.1
1628,Pandemic,5.0
1629,The Hills Have Eyes,6.4
1630,Operation Merry Christmas: The Elf Con,7.0
1631,Edward Scissorhands,7.7
1632,Justice League: The Flashpoint Paradox,7.9
1633,The Ridiculous 6,5.2
1634,"Tad, the Lost Explorer",6.0
1635,Rocky II,7.2
1636,Friends: The Reunion,8.1
1637,Independence Day,6.8
1638,Being the Ricardos,6.6
1639,The Batman vs. Dracula,7.0
1640,American Wedding,6.2
1641,Braveheart,7.9
1642,Cloverfield,6.6
1643,Barbie in A Mermaid Tale 2,7.0
1644,Earwig and the Witch,6.1
1645,Miracle in Cell No. 7,8.3
1646,Diary of a Nymphomaniac,5.5
1647,Casper,6.3
1648,Heat,7.9
1649,Lokillo: Nothing's the Same,7.8
1650,Batman vs. Robin,7.3
1651,The Intern,7.2
1652,Skyscraper,6.3
1653,The Smurfs 2,5.8
1654,The BFG,6.2
1655,Spies in Disguise,7.7
1656,Assassin's Creed,5.4
1657,"Love, Rosie",7.8
1658,Curse of the Blair Witch,6.3
1659,The Invisible Guest,8.2
1660,Dragon Ball Z: Dead Zone,6.6
1661,Midsommar,7.1
1662,Mi otra yo,6.3
1663,Jeepers Creepers 3,4.8
1664,The House with a Clock in Its Walls,6.2
1665,Wicked Minds,5.2
1666,P2,6.2
1667,Child's Play 3,5.9
1668,Daredevil,5.2
1669,30 Minutes or Less,5.7
1670,Bruised,7.0
1671,Se7en,8.3
1672,Greta,6.6
1673,The Boy,5.9
1674,Scooby-Doo 2: Monsters Unleashed,6.0
1675,The Greatest Showman,8.0
1676,The Human Centipede (First Sequence),5.2
1677,Clean Sex,7.5
1678,Barbie and the Magic of Pegasus 3-D,7.1
1679,Bruce Almighty,6.7
1680,Drag Me to Hell,6.3
1681,Looper,6.9
1682,1000 Miles From Christmas,6.3
1683,Samson,5.8
1684,Shooter,7.1
1685,Space Pirate Captain Harlock,6.6
1686,Ocean's Twelve,6.6
1687,When Marnie Was There,8.0
1688,Green Lantern: Emerald Knights,6.7
1689,Annihilation,6.4
1690,Pocahontas,7.0
1691,Porno,6.4
1692,What Happened to Monday,7.2
1693,Latte and the Magic Waterstone,6.7
1694,Piranha 3D,5.4
1695,The Cabin in the Woods,6.6
1696,Sword Art Online the Movie -Progressive- Aria of a Starless Night,8.1
1697,Friday the 13th,6.4
1698,Sex Doll,5.5
1699,Astro Boy,6.3
1700,Sounds Like Love,6.6
1701,Terminator 3: Rise of the Machines,6.1
1702,Re:ZERO -Starting Life in Another World- Memory Snow,7.2
1703,So Undercover,6.1
1704,Goosebumps,6.3
1705,The Evil Dead,7.3
1706,The Bourne Legacy,6.2
1707,Little Women,7.9
1708,Lev Yashin. The Dream Goalkeeper,8.1
1709,Along with the Gods: The Two Worlds,8.1
1710,Bird Box,6.9
1711,Underworld,6.8
1712,Top Gun,7.0
1713,"Crazy, Stupid, Love.",7.2
1714,"The Good, the Bad and the Ugly",8.5
1715,RED 2,6.5
1716,I Care a Lot,6.7
1717,The Babysitter,6.1
1718,The Human Centipede 2 (Full Sequence),4.8
1719,Ben-Hur,7.8
1720,The Longest Yard,6.6
1721,Escape Plan 2: Hades,5.1
1722,Nanny McPhee,6.6
1723,Tinker Bell and the Great Fairy Rescue,6.7
1724,Bloodshot,6.8
1725,Star Wars: Episode I - The Phantom Menace,6.5
1726,Poltergeist,5.2
1727,Meet the Robinsons,6.9
1728,Hot Girls Wanted,5.9
1729,The Divine Fury,6.8
1730,Lawless,7.0
1731,The Unborn,5.2
1732,Cadaver,5.6
1733,Out of Death,6.0
1734,"Sex, Party and Lies",4.5
1735,Black as Night,5.5
1736,PAW Patrol: Mighty Pups,7.6
1737,Cursed,5.5
1738,The Day After Tomorrow,6.5
1739,The Osiris Child,5.4
1740,The Green Knight,6.5
1741,The Card Counter,6.4
1742,A Dog's Way Home,7.3
1743,Source Code,7.3
1744,Minions,6.4
1745,My Extraordinary Summer With Tess,7.5
1746,Parasyte: Part 2,7.0
1747,Mortal Kombat Legends: Scorpion's Revenge,8.3
1748,Superman/Batman: Apocalypse,7.1
1749,The Amityville Harvest,6.7
1750,The Mortuary Collection,6.9
1751,Paranormal Activity: Tokyo Night,6.1
1752,Naruto: Legend of the Stone of Gelel,6.6
1753,Justice League: War,7.6
1754,Wrong Turn 6: Last Resort,5.3
1755,Ben 10 Alien Swarm,6.2
1756,The Monkey King,5.7
1757,Scooby-Doo! and the Reluctant Werewolf,7.4
1758,Halo Legends,7.4
1759,1917,8.0
1760,Dragonheart: Vengeance,7.0
1761,Kakegurui: The Movie,7.7
1762,Ice Age: The Great Egg-Scapade,6.4
1763,"Salò, or the 120 Days of Sodom",6.5
1764,Smallfoot,6.8
1765,Barbie Mariposa,6.7
1766,The Last Warrior: A Messenger of Darkness,7.3
1767,Transformers: Rise of the Beasts,0.0
1768,Top Gun: Maverick,0.0
1769,GoodFellas,8.5
1770,Monsters vs Aliens,6.2
1771,6 Bullets,6.0
1772,The Rebound,6.5
1773,Nausicaä of the Valley of the Wind,7.9
1774,Passengers,6.9
1775,Blackhat,5.4
1776,A History of Violence,7.2
1777,Chernobyl Diaries,5.2
1778,A Clockwork Orange,8.2
1779,Barbie and the Three Musketeers,7.2
1780,A Star Is Born,7.5
1781,A Dog's Journey,8.1
1782,Tomb Raider,6.3
1783,Storks,6.6
1784,Parasyte: Part 1,7.1
1785,The House of Flowers: The Movie,8.2
1786,Puss in Boots,6.4
1787,The Game Plan,6.4
1788,Cold Pursuit,5.7
1789,Dragon Ball Z: Gather Together! Goku's World,7.2
1790,The Lorax,6.5
1791,Neon Genesis Evangelion: The End of Evangelion,8.4
1792,Child's Play 2,6.2
1793,Eternal Sunshine of the Spotless Mind,8.1
1794,I Spit on Your Grave III: Vengeance is Mine,5.7
1795,My Son,6.4
1796,The Lego Movie,7.4
1797,Ghosts of War,6.1
1798,Digimon Adventure: Last Evolution Kizuna,7.8
1799,Born to Race: Fast Track,6.6
1800,Quantum of Solace,6.3
1801,The Lovely Bones,7.0
1802,No Escape,6.9
1803,The Curious Case of Benjamin Button,7.6
1804,12 Hour Shift,5.4
1805,Toy Story That Time Forgot,7.0
1806,Justice League: Gods and Monsters,7.2
1807,All About Sex,7.3
1808,Rings,5.0
1809,I Am Sam,7.6
1810,Who Framed Roger Rabbit,7.5
1811,Don Jon,6.0
1812,Mr. Peabody & Sherman,6.7
1813,Hulk,5.5
1814,Romance,5.3
1815,Rocky III,6.8
1816,Psycho Goreman,6.1
1817,Guardians,4.9
1818,Leprechaun,5.6
1819,Goosebumps 2: Haunted Halloween,6.1
1820,Taxi Driver,8.2
1821,Robin Hood,7.3
1822,Meet Joe Black,7.2
1823,V for Vendetta,7.9
1824,Neighbors,6.2
1825,Sinbad: Legend of the Seven Seas,6.9
1826,Tangled Ever After,7.1
1827,2 Guns,6.5
1828,The Other Woman,6.4
1829,Cast Away,7.7
1830,Resident Evil: Damnation,6.9
1831,Operation Y and Other Shurik's Adventures,8.0
1832,Sherlock Holmes,7.2
1833,Percy Jackson: Sea of Monsters,6.0
1834,Hunter x Hunter: The Last Mission,7.2
1835,Saw V,6.2
1836,The Pianist,8.4
1837,BIA: An Upside Down World,7.8
1838,Sin Nombre,7.6
1839,Intersect,5.8
1840,Paranormal Activity 3,5.9
1841,Kingsglaive: Final Fantasy XV,6.8
1842,Death Race: Beyond Anarchy,6.4
1843,Black Hawk Down,7.4
1844,Saw VI,6.3
1845,Silver Linings Playbook,7.1
1846,It's a Wonderful Life,8.3
1847,Robots,6.4
1848,Kama Sutra: A Tale of Love,5.7
1849,Zookeeper,5.4
1850,The Boy Who Harnessed the Wind,7.9
1851,Modest Heroes,6.6
1852,Wonder,8.2
1853,Good Will Hunting,8.1
1854,Bridge to Terabithia,7.3
1855,Dog Years,6.2
1856,Son of the Mask,4.2
1857,Suicide Squad: Hell to Pay,7.2
1858,Underdogs,6.5
1859,Overdrive,6.1
1860,Barbie and the Diamond Castle,7.4
1861,The Lego Movie 2: The Second Part,6.7
1862,Nothing to Lose,5.4
1863,A Tale of Two Sisters,7.1
1864,Flavors of Youth,6.8
1865,Indiana Jones and the Last Crusade,7.8
1866,Cranston Academy: Monster Zone,6.5
1867,Courageous,7.5
1868,The Host,7.0
1869,The Da Vinci Code,6.7
1870,The Garden of Words,7.6
1871,Boss Level,6.9
1872,Ong Bak 2,6.4
1873,Leprechaun: Back 2 tha Hood,5.2
1874,The Grudge,5.9
1875,Aliens,7.9
1876,The Boy Who Killed My Parents,6.4
1877,Crawl,6.3
1878,Planet of the Apes,5.7
1879,Dark Shadows,6.0
1880,Pleasure,6.2
1881,The Legend of Siren XXX,4.2
1882,Self/less,6.4
1883,The Transporter Refueled,5.5
1884,Red Sparrow,6.5
1885,Friday the 13th Part 2,6.1
1886,The Dark Tower,5.7
1887,Goodbye World,5.3
1888,Allegiant,6.1
1889,The Good Doctor,6.2
1890,Turbo: A Power Rangers Movie,5.7
1891,The Son of Bigfoot,6.6
1892,Never Back Down,6.7
1893,Jigsaw,6.2
1894,50 Greatest Harry Potter Moments,8.0
1895,Cashback,6.9
1896,The Intruder,5.3
1897,"Yes, God, Yes",6.4
1898,If I Stay,7.4
1899,War of the Arrows,7.2
1900,Garfield: A Tail of Two Kitties,5.5
1901,Ghostbusters II,6.5
1902,Chicken Little,5.9
1903,Die Hard 2,6.9
1904,Dunkirk,7.5
1905,Raiders of the Lost Ark,7.9
1906,Deepwater Horizon,6.8
1907,Steven Universe: The Movie,8.4
1908,The Blair Witch Project,6.3
1909,Hostel,5.9
1910,Where the Wild Things Are,6.5
1911,Inferno,6.0
1912,Paranormal Activity: The Marked Ones,5.4
1913,Dawn of the Dead,7.0
1914,Promare,7.1
1915,Naruto: The Lost Story - Mission: Protect the Waterfall Village!,6.8
1916,The Boss Baby,6.5
1917,Dolittle,6.7
1918,The Case for Christ,6.8
1919,Mr. Popper's Penguins,5.9
1920,3-D Sex and Zen: Extreme Ecstasy,4.7
1921,On Your Wedding Day,7.6
1922,3:10 to Yuma,7.2
1923,Castle Freak,5.0
1924,Home,6.8
1925,Woodlawn,7.0
1926,Star Wars: Episode III - Revenge of the Sith,7.4
1927,Zodiac,7.5
1928,Halo: Nightfall,7.0
1929,Night of the Living Dead,6.8
1930,Three Steps Over Heaven,5.7
1931,Thir13en Ghosts,6.2
1932,Diary of a Wimpy Kid,6.2
1933,Saint Seiya: Warriors of the Final Holy Battle,7.3
1934,One Piece 3D: Straw Hat Chase,6.7
1935,Overboard,6.6
1936,Beethoven's Big Break,5.2
1937,Van Helsing,6.3
1938,I Am Number Four,6.2
1939,Rocky Balboa,6.8
1940,The Princess Diaries,6.9
1941,Death Note,6.9
1942,Tinker Bell and the Lost Treasure,6.7
1943,Space Jam,6.9
1944,League of Gods,5.5
1945,Homunculus,5.9
1946,Beasts Clawing at Straws,7.2
1947,Watchmen,7.3
1948,Into the Storm,6.0
1949,Smurfs: The Lost Village,6.3
1950,My Best Friend's Girl,5.7
1951,The Prince of Egypt,7.2
1952,The Goonies,7.5
1953,Date Night,6.1
1954,The Fifth Element,7.5
1955,Braven,6.2
1956,Vacation,6.3
1957,Lucas,5.9
1958,Jason Goes to Hell: The Final Friday,4.5
1959,The Girl Who Killed Her Parents,6.5
1960,Armageddon,6.8
1961,The Autopsy of Jane Doe,6.7
1962,The Huntsman: Winter's War,6.3
1963,The Foreigner,6.8
1964,The Hidden Face,7.3
1965,The Tit and the Moon,6.3
1966,Beyond the Boundary: I'll Be Here – Past,6.9
1967,The Wolf and the Lion,7.2
1968,Zathura: A Space Adventure,6.4
1969,Flashback,6.0
1970,American Pie Presents: Band Camp,5.5
1971,The Drop,6.7
1972,Shot Caller,6.9
1973,Emperor,6.1
1974,Playhouse,5.5
1975,Mr. & Mrs. Smith,6.7
1976,"Sex, Shame & Tears",6.7
1977,Lilo & Stitch 2: Stitch Has a Glitch,6.6
1978,Alpha,6.4
1979,Get the Gringo,6.5
1980,Freddy's Dead: The Final Nightmare,5.3
1981,Adore,6.1
1982,Green Book,8.2
1983,Men in Black II,6.3
1984,Mary Poppins,7.6
1985,Young Mother 5,6.0
1986,Maggie Simpson in The Force Awakens from Its Nap,7.0
1987,Kill Bill: Vol. 1,8.0
1988,Fate/stay night: Heaven's Feel I. Presage Flower,7.5
1989,Xtreme,6.6
1990,His House,6.5
1991,Innocent Witness,7.8
1992,G.I. Joe: Retaliation,5.6
1993,Open 24 Hours,5.4
1994,Pocahontas II: Journey to a New World,5.5
1995,S.W.A.T.: Under Siege,5.8
1996,Grease,7.4
1997,It Boy,6.3
1998,Jesus,8.4
1999,Kuroko no Basket Movie 3: Winter Cup Soushuuhen - Tobira no Mukou,7.2
2000,10 Things I Hate About You,7.6
2001,Transporter 3,6.1
2002,Carnaval,5.2
2003,Stuart Little 2,5.7
2004,The Ring,6.6
2005,The Scorpion King 3: Battle for Redemption,4.5
2006,Olaf's Frozen Adventure,6.4
2007,Jason X,4.8
2008,Ghost Lab,6.5
2009,Warm Bodies,6.4
2010,A Naija Christmas,7.2
2011,Better Days,8.4
2012,Porco Rosso,7.8
2013,Doraemon: Nobita and the Windmasters,7.2
2014,Superman Returns,5.7
2015,Why Him?,6.3
2016,8 Mile,7.1
2017,Sekaiichi Hatsukoi Movie,6.3
2018,Tomorrow Never Dies,6.3
2019,Carrie,6.0
2020,Bungo Stray Dogs: Dead Apple,8.2
2021,Love and Monsters,7.4
2022,Summer Wars,7.5
2023,Blade Runner,7.9
2024,Pet Sematary,6.6
2025,2001: A Space Odyssey,8.1
2026,Spy,6.8
2027,Kick-Ass 2,6.4
2028,Barbie: A Fairy Secret,6.7
2029,Speed,7.1
2030,Death of Me,5.0
2031,Last Summer,5.8
2032,Mission: Impossible,6.9
2033,Aloha Scooby-Doo!,7.1
2034,American History X,8.4
2035,Ghost in the Shell,7.9
2036,Leap Year,6.9
2037,"As Above, So Below",6.7
2038,Die Hard,7.7
2039,Silent Hill,6.5
2040,One Punch Man: Road to Hero,8.1
2041,Not Another Teen Movie,5.7
2042,Dune,6.2
2043,Barbie as the Island Princess,7.2
2044,Bermuda Tentacles,4.0
2045,Freaky Friday,6.4
2046,Barb & Star Go to Vista Del Mar,5.8
2047,Father Christmas Is Back,4.8
2048,The Indian in the Cupboard,6.4
2049,The Worst Person in the World,7.7
2050,Killer Bean Forever,7.1
2051,Desire,5.8
2052,Sexo salvaje,6.6
2053,Saint Seiya: Evil Goddess Eris,7.1
2054,Man of Tai Chi,6.0
2055,Homefront,7.0
2056,Alien Resurrection,6.1
2057,The Wedding Ringer,6.5
2058,The Butterfly Effect,7.5
2059,The Raid 2,7.6
2060,This Is the End,6.2
2061,Scott Pilgrim vs. the World,7.4
2062,A Christmas Carol,6.9
2063,The Help,8.2
2064,Jack and Jill,4.3
2065,Happier Than Ever: A Love Letter to Los Angeles,8.0
2066,St. Vincent,7.1
2067,Blue Lagoon: The Awakening,6.5
2068,The Return of the Living Dead,7.2
2069,Life As We Know It,6.9
2070,No Mercy,7.1
2071,Eagle Eye,6.4
2072,Checkered Ninja,7.3
2073,Collateral Beauty,7.3
2074,The Spy Next Door,5.8
2075,Atlantis: The Lost Empire,6.9
2076,The Bear,6.9
2077,Elite Squad,8.1
2078,The Rugrats Movie,6.2
2079,Blood Diamond,7.5
2080,The Spiderwick Chronicles,6.6
2081,Battleship,5.8
2082,Justice League: Throne of Atlantis,7.1
2083,Transporter 2,6.3
2084,Ouija: Origin of Evil,6.1
2085,The Amityville Horror,6.1
2086,Bloodsport,7.0
2087,Mission: Impossible II,6.1
2088,Friday the 13th Part VI: Jason Lives,6.2
2089,Kung Fu Hustle,7.4
2090,Friendzone,6.2
2091,Scary Stories to Tell in the Dark,6.5
2092,Jason Bourne,6.3
2093,Deep Water,0.0
2094,La leyenda de la Llorona,7.7
2095,The Little Mermaid,5.0
2096,We Are the Nobles,7.9
2097,Role Models,6.5
2098,Drive Angry,5.5
2099,Nanny McPhee and the Big Bang,6.3
2100,Bayala: A Magical Adventure,5.8
2101,The Judge,7.3
2102,Animal Crackers,6.3
2103,Ferry,6.8
2104,The Legend of La Llorona,5.9
2105,Sabotage,5.6
2106,Rough Night,5.7
2107,The Blue Lagoon,6.2
2108,Mile 22,6.2
2109,Reminiscence,6.9
2110,Titanic II,4.9
2111,The Grandmother,6.9
2112,It Follows,6.6
2113,Independence Daysaster,4.5
2114,Death Race,6.2
2115,Ghosts of Girlfriends Past,5.9
2116,The Exorcism of Emily Rose,6.5
2117,Kizumonogatari Part 2: Nekketsu,8.1
2118,The Marine 3: Homefront,6.3
2119,The Guide to the Perfect Family,6.5
2120,14 Peaks: Nothing Is Impossible,7.5
2121,Evangelion: 2.0 You Can (Not) Advance,7.9
2122,Ocean's Eleven,7.4
2123,Leprechaun 3,5.9
2124,Halloween,7.6
2125,Left Behind,4.2
2126,Splice,5.8
2127,Batman: Bad Blood,7.2
2128,Oxygen,6.6
2129,Saint Seiya: Legend of Crimson Youth,7.5
2130,Afterlife of the Party,6.9
2131,The Secret World of Arrietty,7.6
2132,About Time,7.9
2133,Stoker,6.6
2134,The Witch,6.9
2135,Skin Trade,6.0
2136,Kill Bill: Vol. 2,7.9
2137,The Boss Baby: Get That Baby!,6.9
2138,Beetlejuice,7.4
2139,Leatherface: The Texas Chainsaw Massacre III,5.3
2140,The Outlaws,7.8
2141,The Last Boy Scout,6.8
2142,Green Street Hooligans,7.2
2143,Live Free or Die Hard,6.6
2144,I Can Only Imagine,7.5
2145,Trainwreck,5.8
2146,Superman/Batman: Public Enemies,7.0
2147,The Irishman,7.6
2148,Barbie Fairytopia: Magic of the Rainbow,6.8
2149,Hitman,6.1
2150,Sky Sharks,5.2
2151,Finding You,6.5
2152,The Wind Rises,7.8
2153,Barbie: The Princess & The Popstar,7.1
2154,Sex Drive,6.3
2155,Double Impact,6.0
2156,Dead Poets Society,8.3
2157,Star Trek Beyond,6.8
2158,Sugar Daddy,6.2
2159,Charlie's Angels: Full Throttle,5.4
2160,Bambi II,6.5
2161,ParaNorman,6.9
2162,Batman Beyond: Return of the Joker,7.4
2163,Invasion,6.9
2164,A House on the Bayou,5.8
2165,Journey to the Center of the Earth,6.0
2166,Friday the 13th: The Final Chapter,6.1
2167,Horton Hears a Who!,6.5
2168,War of the Worlds,6.5
2169,How to Be a Latin Lover,6.9
2170,The Return of Jafar,6.1
2171,Die Hard: With a Vengeance,7.2
2172,Lego DC Batman: Family Matters,7.0
2173,Dr. No,7.0
2174,Underwater,6.3
2175,High School,5.8
2176,From Paris with Love,6.2
2177,Superfast!,5.0
2178,The Ash Lad: In the Hall of the Mountain King,6.6
2179,A Nightmare on Elm Street,5.5
2180,Time Trap,6.1
2181,The Girl on the Train,6.4
2182,Euphoria,6.5
2183,Fever Dream,6.0
2184,Friday the 13th Part VIII: Jason Takes Manhattan,5.0
2185,"Love, Chunibyo & Other Delusions! Rikka Version",7.0
2186,Planes,5.9
2187,Yes Day,6.9
2188,Spell,6.4
2189,The Owners,5.8
2190,The Irregular at Magic High School: The Girl Who Summons the Stars,6.0
2191,Big Game,5.5
2192,Son of God,6.8
2193,Blade: Trinity,5.9
2194,Nacho Libre,6.3
2195,The Last King,5.7
2196,Godzilla: The Planet Eater,6.5
2197,The Contractor,5.0
2198,Epic,6.5
2199,Toys of Terror,6.3
2200,Assault on Wall Street,5.9
2201,Child's Play,6.0
2202,A Werewolf Boy,7.7
2203,The Secret of the Magic Gourd,7.3
2204,LEGO Hidden Side: Night of the Harbinger,5.2
2205,Phantom of the Kill: Zero's Rebellion,6.8
2206,The Happening,5.3
2207,461 Days of Bento: A Promise Between Father and Son,5.0
2208,Aladdin and the King of Thieves,6.3
2209,Sweetheart,6.5
2210,The Return of the Texas Chainsaw Massacre,4.2
2211,Don't Kill It,6.2
2212,Enemy at the Gates,7.4
2213,Scooby-Doo! Curse of the Lake Monster,6.2
2214,Iron Sky,5.7
2215,A Nightmare on Elm Street Part 2: Freddy's Revenge,5.8
2216,You Don't Mess with the Zohan,5.7
2217,The Most Beautiful Boy in the World,7.4
2218,AVP: Alien vs. Predator,5.9
2219,The Sadness,6.4
2220,Unthinkable,6.7
2221,The Great Gatsby,7.4
2222,Big Momma's House 2,5.7
2223,The Unfamiliar,6.0
2224,Ice Age: A Mammoth Christmas,6.4
2225,5 Centimeters per Second,7.3
2226,Inuyashiki,7.7
2227,Death Wish,6.1
2228,I Give My First Love to You,7.4
2229,In This Corner of the World,8.1
2230,Daytime Shooting Star,7.8
2231,The Howling,6.5
2232,The Last Samurai,7.5
2233,Meet the Spartans,4.0
2234,Paprika,7.0
2235,The Lighthouse,7.5
2236,Anacondas: The Hunt for the Blood Orchid,5.4
2237,Outlander,6.4
2238,Charlie's Angels,6.6
2239,Mine,6.6
2240,"Love, Strange Love",5.8
2241,The Empty Man,6.1
2242,Dumbo,6.7
2243,From Russia with Love,7.1
2244,Rocky V,5.7
2245,The Tragedy of Macbeth,7.0
2246,Bleach the Movie: Hell Verse,7.3
2247,Cry Macho,6.2
2248,Free Willy,6.2
2249,Odnoklassniki.ru: The Magic Laptop,3.6
2250,Halloween 4: The Return of Michael Myers,6.1
2251,Sinister,6.8
2252,Blade II,6.5
2253,C'mon C'mon,7.7
2254,The Ring Two,5.7
2255,Sleepy Hollow,7.1
2256,The Hot Chick,6.3
2257,Brahms: The Boy II,6.0
2258,Escape Room,5.0
2259,The Punisher,6.3
2260,Twelve Monkeys,7.6
2261,Die Another Day,5.9
2262,Men of Honor,7.4
2263,The Empire Strikes Back,8.4
2264,Teen Titans: The Judas Contract,7.5
2265,Lion,8.1
2266,Codename: Kids Next Door - Operation Z.E.R.O.,8.1
2267,Iron Mask,6.2
2268,Big Stan,6.3
2269,Everest,6.8
2270,Ouija,5.1
2271,A Serbian Film,5.5
2272,Antebellum,6.3
2273,Kimetsu no Yaiba Orchestra Concert,2.0
2274,Bayonetta: Bloody Fate,6.5
2275,Hostel: Part III,5.1
2276,The Babysitters,5.9
2277,The Dude in Me,8.1
2278,Books of Blood,6.6
2279,What Lies Below,5.3
2280,The Rover,6.3
2281,Species,5.9
2282,A Week Away,7.1
2283,The Loft,6.4
2284,Good Boys,6.9
2285,Semen Demon,6.3
2286,Transformers: Revenge of the Fallen,6.1
2287,The Social Network,7.3
2288,Piranha,5.9
2289,The Virginity Hit,4.6
2290,S.W.A.T.,6.1
2291,Leprechaun 2,5.5
2292,The Protector 2,5.9
2293,21 Bridges,6.8
2294,Tinker Bell,6.8
2295,Lionheart,6.5
2296,Batman: Assault on Arkham,7.4
2297,Amélie,7.9
2298,Thor: Love and Thunder,0.0
2299,God's Not Dead,6.0
2300,Psycho,8.4
2301,Freaky,6.7
2302,The Paperboy,5.6
2303,I Believe,7.0
2304,Danny Boy,6.8
2305,Batman and Harley Quinn,6.2
2306,Unfaithful,6.6
2307,Young & Beautiful,6.4
2308,Anoko no Toriko,5.9
2309,Charlie's Angels,5.8
2310,Frankenweenie,6.9
2311,47 Meters Down,5.8
2312,The Karate Kid,7.2
2313,The Black Phone,8.2
2314,Police Academy 3: Back in Training,5.7
2315,JJ+E,5.5
2316,Night at the Museum,6.6
2317,Man on Fire,7.4
2318,Anger Management,6.1
2319,Deep Blue Sea,5.9
2320,Aquaman: Heroines of Atlantis,7.4
2321,Garo: Divine Flame,5.3
2322,12 Strong,6.1
2323,The Bourne Ultimatum,7.4
2324,The Boy from Medellín,5.9
2325,The Moment You Fall in Love,7.6
2326,[REC],7.2
2327,Doraemon: New Nobita's Great Demon – Peko and the Exploration Party of Five,7.0
2328,Arthur and the Invisibles,6.4
2329,A Monster in Paris,6.8
2330,Tokyo Ghoul 'S',6.9
2331,The Nutcracker and the Four Realms,6.1
2332,The Grand Budapest Hotel,8.1
2333,Upgrade,7.5
2334,Step Up 3D,6.8
2335,Impossible Things,9.1
2336,Kill Command,5.5
2337,Below Her Mouth,6.8
2338,A Cinderella Story: If the Shoe Fits,7.2
2339,Kingdom of Heaven,6.8
2340,Paul Blart: Mall Cop 2,5.2
2341,Jack Ryan: Shadow Recruit,6.1
2342,The Departed,8.2
2343,Ben-Hur,5.7
2344,Miss March,5.5
2345,Blood and Bone,7.4
2346,Gnomeo & Juliet,5.8
2347,Everly,5.5
2348,The Mechanic,6.4
2349,Goldfinger,7.4
2350,"Love, Simon",8.1
2351,The Beguiled,5.9
2352,Turbo,6.2
2353,Legally Blonde,6.7
2354,Lights Out,6.3
2355,Back to the Future Part III,7.4
2356,Poltergeist,7.1
2357,I Am a Hero,7.3
2358,Home Alone 4,4.5
2359,Girls Trip,6.8
2360,Playing It Cool,5.9
2361,The Binding,5.5
2362,Godzilla,5.6
2363,Haunting of the Mary Celeste,5.8
2364,Lassie Come Home,6.6
2365,Lara Croft: Tomb Raider,5.9
2366,Avengers Grimm,4.2
2367,E.T. the Extra-Terrestrial,7.5
2368,Los perros,5.7
2369,Atomic Blonde,6.4
2370,The Dictator,6.1
2371,Robin Hood,5.9
2372,Training Day,7.4
2373,The Lego Ninjago Movie,6.5
2374,Baby on Board,4.8
2375,Pixie Hollow Games,6.9
2376,Basic Instinct,6.9
2377,Sniper: Ultimate Kill,6.5
2378,Trinity Seven: Eternity Library & Alchemic Girl,7.4
2379,Bleeding Steel,5.9
2380,Halloween,6.2
2381,A World For Julius,7.2
2382,The DUFF,6.8
2383,Tremors: A Cold Day in Hell,6.0
2384,Resident Evil: Vendetta,6.9
2385,The Princess Diaries 2: Royal Engagement,6.6
2386,The Skin I Live In,7.5
2387,RoboCop,7.3
2388,Curse of Chucky,5.8
2389,Underworld: Evolution,6.6
2390,Oldboy,8.3
2391,Cashback,7.0
2392,"Love, Chunibyo & Other Delusions! Take On Me",7.9
2393,Bullet Train,0.0
2394,Once Upon a Time in America,8.4
2395,Seven Minutes,3.8
2396,Cats & Dogs,5.4
2397,To All the Boys: P.S. I Still Love You,6.9
2398,Tamako Love Story,7.0
2399,Little Big Mouth,5.6
2400,I Feel Pretty,6.4
2401,The Three Deaths of Marisela Escobedo,9.0
2402,Lone Survivor,7.4
2403,Murder on the Orient Express,6.7
2404,Berserk: The Golden Age Arc III - The Advent,7.6
2405,The Last House on the Left,6.4
2406,Platoon,7.7
2407,Quest for Camelot,6.9
2408,My Sister's Keeper,7.4
2409,Death Proof,6.8
2410,Sex and Zen,5.5
2411,The Heist of the Century,7.9
2412,Renegades,5.7
2413,Jack Black: Spider-Man,6.7
2414,Let There Be Light,6.2
2415,On the Basis of Sex,7.4
2416,Mad Max 2,7.4
2417,The Darkest Minds,7.0
2418,Broken City,5.9
2419,Inazuma Eleven: The Movie,7.5
2420,The Killing of a Sacred Deer,7.0
2421,Shaun of the Dead,7.5
2422,Blue Bayou,7.6
2423,Oz the Great and Powerful,5.9
2424,Batman: Gotham by Gaslight,6.7
2425,Child 44,6.2
2426,Friday the 13th Part VII: The New Blood,5.5
2427,Torque,5.1
2428,Walking with Dinosaurs,6.0
2429,Security,5.7
2430,Lego DC Comics Super Heroes: The Flash,6.8
2431,Game of Thrones: The Last Watch,7.1
2432,Return of the Jedi,7.9
2433,Happily,5.7
2434,Lady Bloodfight,6.6
2435,Constantine: City of Demons - The Movie,7.9
2436,The Iceman,6.5
2437,Malcolm & Marie,7.0
2438,Demolition Man,6.6
2439,Puss in Boots: The Three Diablos,6.6
2440,Return to the Blue Lagoon,6.0
2441,The Kill Team,6.6
2442,Eyes Wide Shut,7.5
2443,Passing,6.5
2444,Diary of a Wimpy Kid: Rodrick Rules,6.6
2445,Euphoria,2.0
2446,TEKKEN: Kazuya's Revenge,4.1
2447,Selena,7.8
2448,Paddington 2,7.5
2449,First Man,7.0
2450,Step Up 2: The Streets,6.7
2451,The Transporter,6.7
2452,13 Going on 30,6.7
2453,Fantastic Four,5.8
2454,A Gruta,6.4
2455,Baby's Day Out,6.2
2456,An American Tail: Fievel Goes West,6.3
2457,Friday the 13th Part III,5.8
2458,The Peanuts Movie,6.8
2459,Click,6.2
2460,Teen Titans Go! To the Movies,7.4
2461,Captain Underpants: The First Epic Movie,6.2
2462,Sand Castle,6.5
2463,The Northman,0.0
2464,Instant Family,7.6
2465,Killers,5.9
2466,Bram Stoker's Dracula,7.4
2467,The Hills Have Eyes 2,5.5
2468,Peter Rabbit,6.7
2469,Dr. Strange,6.4
2470,Togo,8.2
2471,The Truman Show,8.1
2472,The Edge of Seventeen,7.2
2473,Lamb,6.5
2474,Underworld: Rise of the Lycans,6.5
2475,Only the Brave,7.4
2476,The Invisible Man,7.2
2477,RoboCop 2,5.9
2478,Mission: Impossible III,6.7
2479,Stonehearst Asylum,6.8
2480,Step Up Revolution,6.9
2481,The Thing,8.0
2482,Over the Hedge,6.5
2483,Robinson Crusoe,5.8
2484,USS Indianapolis: Men of Courage,5.9
2485,Blue Streak,6.4
2486,Vacancy,6.2
2487,Batman Unmasked: The Psychology of the Dark Knight,7.5
2488,xXx: State of the Union,5.0
2489,Professor Marston and the Wonder Women,7.3
2490,Coach Carter,7.5
2491,Lady Bird,7.3
2492,The Wave,6.7
2493,The Big Trip,7.1
2494,Dark Skies,6.3
2495,Little Fockers,5.6
2496,The Commuter,6.3
2497,The Adventures of Tintin,6.9
2498,GoldenEye,6.9
2499,Charlie St. Cloud,7.0
2500,Clueless,7.3
2501,The Bourne Identity,7.4
2502,Die goldene Banane von Bad Porno,5.2
2503,Flushed Away,6.2
2504,Horrible Bosses 2,6.2
2505,The Fourth Kind,6.2
2506,The Last Letter From Your Lover,7.5
2507,The Hunt,6.6
2508,The Cover,6.7
2509,Scars,7.2
2510,Interview with the Vampire,7.4
2511,The Raven,6.3
2512,Batman vs. Teenage Mutant Ninja Turtles,7.2
2513,90 Minutes in Heaven,6.1
2514,Run and Gun,6.3
2515,The Hunchback of Notre Dame II,5.3
2516,A Cinderella Story,6.5
2517,Hook,6.8
2518,Wizards of Waverly Place: The Movie,6.6
2519,12 Angry Men,8.5
2520,Inkheart,6.3
2521,The Girl on the Mountain,6.0
2522,Eden Lake,6.8
2523,Green Lantern: First Flight,7.0
2524,Identity Thief,5.8
2525,Ghost,7.2
2526,Run Hide Fight,6.6
2527,28 Weeks Later,6.6
2528,The Prestige,8.2
2529,Midnight Sun,7.8
2530,Gone in Sixty Seconds,6.4
2531,Fallen,6.1
2532,The Shape of Water,7.2
2533,Ben 10: Race Against Time,5.8
2534,Daddy's Home 2,6.3
2535,The Babadook,6.5
2536,The One,6.1
2537,The Possession of Hannah Grace,5.6
2538,The Age of Adaline,7.5
2539,The Haunting of Margam Castle,5.8
2540,Thunderball,6.6
2541,Wind River,7.4
2542,The Perfect Date,6.5
2543,Highlander,6.9
2544,Dumb and Dumber,6.6
2545,Bāhubali 2: The Conclusion,7.3
2546,Dirty Dancing,7.4
2547,Be Careful What You Wish For,6.6
2548,Dogwashers,6.5
2549,Anna,6.7
2550,Mazinger Z: Infinity,6.7
2551,Never Back Down 2: The Beatdown,6.4
2552,Annie,6.2
2553,"Everything, Everything",7.3
2554,Neighbors 2: Sorority Rising,5.8
2555,Saint Seiya: The Heated Battle of the Gods,7.5
2556,Slender Man,4.4
2557,The Wall,6.3
2558,Mainstream,6.4
2559,Last Days in the Desert,5.6
2560,A Question of Faith,7.5
2561,Look Away,6.6
2562,Mary Poppins Returns,6.5
2563,The Escort,6.0
2564,Hardcore Henry,6.3
2565,Showdown in Little Tokyo,6.3
2566,Welcome to the Jungle,5.1
2567,Max Steel,5.6
2568,Dragon Ball Z Side Story: Plan to Eradicate the Saiyans,6.3
2569,Last Action Hero,6.4
2570,You Only Live Twice,6.5
2571,Locked Down,5.4
2572,Cosmic Scrat-tastrophe,6.7
2573,X-Men: The Mutant Watch,7.2
2574,The Cat Returns,7.2
2575,The League of Extraordinary Gentlemen,5.9
2576,Nomadland,7.3
2577,Dragon Ball: Plan to Eradicate the Super Saiyans,7.1
2578,Gifted Hands: The Ben Carson Story,7.8
2579,The Scorpion King,5.6
2580,Madly Madagascar,6.5
2581,Burn,6.1
2582,Catwoman,4.6
2583,Indiana Jones and the Kingdom of the Crystal Skull,6.0
2584,The Orphanage,7.2
2585,Big Fish & Begonia,7.5
2586,Love Don't Co$t a Thing,7.0
2587,The Man from U.N.C.L.E.,7.1
2588,Back to the Future Part II,7.7
2589,The Bourne Supremacy,7.3
2590,Kidnap,6.2
2591,xXx,5.9
2592,Heks,6.3
2593,Once Upon a Time in the West,8.3
2594,Brightburn,6.1
2595,Cowboy Bebop: The Movie,7.7
2596,DC League of Super-Pets,0.0
2597,Cleopatra,7.1
2598,A Cure for Wellness,6.3
2599,Mojin: The Lost Legend,6.2
2600,South Park: Post COVID: The Return of COVID,7.5
2601,Originless,5.6
2602,Monster Family,5.9
2603,Don't Kill Me,4.0
2604,Reaching Distance,5.9
2605,Date Movie,4.2
2606,The Last Full Measure,7.6
2607,Police Story 3: Super Cop,6.7
2608,Pinocchio,6.6
2609,Z-O-M-B-I-E-S,7.4
2610,Kingdom: Ashin of the North,7.6
2611,The Secret Life of Walter Mitty,7.1
2612,The Karate Kid Part II,6.2
2613,I've Always Liked You,7.6
2614,Moana,7.6
2615,Last Looks,6.3
2616,Escape Plan,6.7
2617,Marriage Story,7.8
2618,The Perks of Being a Wallflower,7.8
2619,One Piece: Curse of the Sacred Sword,7.0
2620,Pride and Prejudice and Zombies,6.1
2621,Kuroko no Basket Movie 1: Winter Cup Soushuuhen - Kage to Hikari,6.8
2622,Oblivion,6.6
2623,HK: Forbidden Super Hero,6.3
2624,Nothing to Lose - Part 2,5.3
2625,"I Love You, Man",6.5
2626,Bulbbul,6.7
2627,Schumacher,7.4
2628,The Scorpion King: Book of Souls,5.9
2629,Museum,6.6
2630,Black Swan,7.6
2631,Star Wars: The Clone Wars,6.1
2632,Tarzan II,6.1
2633,Love Lesson,6.2
2634,Mercenaries,5.4
2635,All My Life,8.1
2636,The Devil All the Time,7.3
2637,A-X-L,6.3
2638,The Vow,7.2
2639,Coming to America,6.8
2640,Conan the Barbarian,6.8
2641,The Accountant,7.0
2642,After Porn Ends,5.7
2643,The Peacemaker,6.0
2644,Horrible Bosses,6.6
2645,Mowgli: Legend of the Jungle,6.5
2646,Unbreakable,7.1
2647,The Theory of Everything,7.9
2648,My Little Pony: Equestria Girls - Rainbow Rocks,8.0
2649,Lady and the Tramp II: Scamp's Adventure,6.4
2650,Curious George,6.3
2651,A Thousand Words,6.1
2652,Spider-Man 2: Making the Amazing,7.0
2653,Crazy Romance,7.2
2654,You Get Me,5.6
2655,App,5.1
2656,Sherlock: The Abominable Bride,7.9
2657,Jackass Presents: Bad Grandpa,6.1
2658,Blame!,6.4
2659,Justice League: The New Frontier,6.9
2660,Jason and the Argonauts,7.1
2661,The American,5.9
2662,[REC]²,6.6
2663,Monster Hunt,6.4
2664,College,4.6
2665,Scooby-Doo! Camp Scare,8.0
2666,Ghostland,7.4
2667,Private Valentine: Blonde & Dangerous,6.2
2668,A Perfect Fit,7.3
2669,Lovelace,6.0
2670,Blue Spring Ride,6.7
2671,Lolita,7.4
2672,Blood Money,6.1
2673,Doraemon: Nobita and the New Steel Troops: ~Winged Angels~,7.8
2674,Curve,5.8
2675,Sweat,6.8
2676,One Day,7.4
2677,Planet Hulk,7.0
2678,New Year's Eve,5.9
2679,Forever My Girl,7.6
2680,"Three Billboards Outside Ebbing, Missouri",8.1
2681,Operation Mekong,7.0
2682,Teen Beach Movie,6.9
2683,Huevos: Little Rooster's Egg-Cellent Adventure,7.0
2684,The Simpsons 20th Anniversary Special - In 3D! On Ice!,6.7
2685,Career Opportunities,6.7
2686,We're the Millers,6.8
2687,Lethal Weapon 4,6.6
2688,The Next Karate Kid,5.3
2689,Till Death,6.6
2690,Big Driver,5.7
2691,The Green Inferno,5.6
2692,Spartacus,7.6
2693,Doraemon: Nobita's Great Adventure in the Antarctic Kachi Kochi,7.5
2694,Cheeky,5.5
2695,Doraemon: Nobita and the Island of Miracles ~Animal Adventure~,6.9
2696,The Italian Job,6.7
2697,American Made,6.8
2698,Shark Beach With Chris Hemsworth,6.4
2699,Pitch Perfect 3,6.6
2700,The Last Warrior,7.1
2701,Dante's Inferno: An Animated Epic,6.9
2702,The Thing,6.2
2703,The Father Who Moves Mountains,6.0
2704,My Little Pony: The Movie,7.2
2705,The Crow,7.5
2706,Clown,5.6
2707,Antz,6.1
2708,The Sixth Sense,7.9
2709,You Should Have Left,5.9
2710,The Patriot,7.1
2711,Along with the Gods: The Last 49 Days,8.3
2712,Operation Chromite,5.9
2713,Sky High,6.2
2714,Us,7.0
2715,The Hateful Eight,7.7
2716,Singularity,3.6
2717,La La Land,7.9
2718,Terrifier,6.4
2719,Barbie in the Pink Shoes,6.8
2720,Emmanuelle,5.9
2721,The Ant Bully,5.7
2722,Army of One,5.1
2723,Wonder Woman: Bloodlines,7.1
2724,Point Break,5.9
2725,The Sorcerer's Apprentice,6.1
2726,Friday the 13th: A New Beginning,5.3
2727,Letters to Juliet,7.0
2728,National Treasure: Book of Secrets,6.3
2729,Scooby-Doo! and the Cyber Chase,7.4
2730,Lawrence of Arabia,8.0
2731,Her,7.9
2732,Johnny English Strikes Again,6.2
2733,Case 39,6.3
2734,Gulliver's Travels,5.2
2735,Million Dollar Baby,8.0
2736,Dragon Ball: The Path to Power,7.2
2737,10 Cloverfield Lane,7.0
2738,Red Heat,6.1
2739,Uncut Gems,7.1
2740,The Nun,5.5
2741,Believe Me: The Abduction of Lisa McVey,8.3
2742,Guardians of the Galaxy Vol. 3,0.0
2743,Overlord,6.7
2744,Brokeback Mountain,7.8
2745,Warning,5.5
2746,Trouble with the Curve,6.9
2747,Samson and Delilah,6.5
2748,Life,6.4
2749,What's Your Number?,6.5
2750,American Pie: Revealed,5.9
2751,The Outpost,6.9
2752,The Ritual,6.2
2753,A Monster Calls,7.2
2754,The Animatrix,7.2
2755,Battle Angel,6.7
2756,Taylor Tomlinson: Look at You,8.0
2757,Herbie Fully Loaded,5.6
2758,The Pacifier,6.1
2759,Sully,7.1
2760,Apostle,6.1
2761,Magical Girl Lyrical Nanoha: Detonation,7.0
2762,High School Musical,6.6
2763,Tears of the Sun,6.8
2764,Atlantis: Milo's Return,6.2
2765,Killing Jesus,6.3
2766,Wolf Girl and Black Prince,6.6
2767,The Collector,6.6
2768,Nerve,7.1
2769,The Comeback Trail,5.8
2770,One Piece: Adventure of Nebulandia,7.4
2771,RoboCop,5.8
2772,Bachelorette,5.4
2773,Judge Dredd,5.7
2774,Hard Target 2,6.1
2775,Dragonheart: Battle for the Heartfire,6.2
2776,Memoirs of a Geisha,7.7
2777,Superman: Man of Tomorrow,7.3
2778,Promising Young Woman,7.6
2779,Private Lessons,5.7
2780,Bare Sex,7.7
2781,Scooby-Doo! in Where's My Mummy?,7.5
2782,The Hustle,6.3
2783,Killing Season,5.5
2784,Step Up All In,6.8
2785,Justice League: Crisis on Two Earths,7.4
2786,Song of the Sea,8.0
2787,In Bruges,7.5
2788,The Mountain Between Us,6.6
2789,Universal Soldier,6.3
2790,The Terminal,7.3
2791,Dragon Ball: Curse of the Blood Rubies,6.8
2792,Cheaper by the Dozen,6.3
2793,Vehicle 19,5.3
2794,City of God,8.4
2795,UglyDolls,6.7
2796,The Descendants,6.8
2797,Children of the Corn,5.7
2798,High School Musical 3: Senior Year,6.6
2799,Angela's Christmas Wish,6.4
2800,Sadako vs. Kayako,5.4
2801,21,6.7
2802,The Book of Eli,6.8
2803,Welcome Home,5.2
2804,Alien³,6.3
2805,Barbie: Spy Squad,7.0
2806,Reservoir Dogs,8.1
2807,Mamma Mia! Here We Go Again,7.2
2808,Kickboxer: Retaliation,5.4
2809,Fantastic Planet,7.7
2810,Fractured,6.7
2811,Megalodon,4.6
2812,Spectral,6.4
2813,The Strangers,6.1
2814,The World to Come,7.2
2815,Hall Pass,5.6
2816,Sin City,7.4
2817,Ama,6.5
2818,Con Air,6.7
2819,Christopher Robin,7.3
2820,One Piece: Baron Omatsuri and the Secret Island,7.1
2821,Before I Fall,7.0
2822,Lord of War,7.3
2823,Luther,6.5
2824,The World Is Not Enough,6.2
2825,The World's End,6.8
2826,In the Heights,7.3
2827,Endless Love,5.6
2828,Barnyard,5.8
2829,Diary of a Wimpy Kid: Dog Days,6.3
2830,Friday,7.1
2831,Assassination Nation,6.3
2832,Scooby-Doo! The Mystery Begins,6.5
2833,Captain Fantastic,7.9
2834,Ghost Ship,5.9
2835,Age of Tomorrow,3.0
2836,The Rock,7.1
2837,Mobile Suit Gundam Narrative,7.3
2838,The Lord of the Rings,6.6
2839,L: change the WorLd,5.8
2840,"One Piece: Episode of Chopper Plus: Bloom in the Winter, Miracle Cherry Blossom",7.0
2841,Batman: Year One,7.3
2842,The Other Side of Heaven 2: Fire of Faith,5.1
2843,Hoodwinked Too! Hood VS. Evil,5.1
2844,The Lost Prince,5.8
2845,Stolen,5.4
2846,Freaks Out,7.5
2847,Viking,4.9
2848,Wishmaster 2: Evil Never Dies,5.5
2849,Caught by a Wave,6.7
2850,Death on the Nile,7.1
2851,Murder Mystery,6.3
2852,Doraemon: Nobita and the Kingdom of Clouds,7.0
2853,The Island,6.7
2854,50 First Dates,6.8
2855,The Running Man,6.5
2856,Dragonfly,6.5
2857,The Monuments Men,6.0
2858,The Descent: Part 2,5.9
2859,Birdman or (The Unexpected Virtue of Ignorance),7.5
2860,Irreversible,7.3
2861,Regular Show: The Movie,7.8
2862,Near Dark,6.9
2863,Megalodon Rising,7.0
2864,Jeepers Creepers: Reborn,2.0
2865,A Writer's Odyssey,7.4
2866,Evangelion: 3.0 You Can (Not) Redo,7.4
2867,Drunken Master,7.3
2868,Dark City,7.3
2869,The Handmaiden,8.3
2870,Daddy's Home,6.2
2871,Hard Target,6.3
2872,Red Riding Hood,6.0
2873,The Favourite,7.6
2874,CHiPS,6.1
2875,Camp Cool Kids,5.7
2876,New Nightmare,6.4
2877,Wild Wild West,5.3
2878,In the Heart of the Sea,6.7
2879,Slumdog Millionaire,7.7
2880,The Woman in the Window,6.1
2881,Evangelion: 1.0 You Are (Not) Alone,7.7
2882,Commando,6.6
2883,Joseph,8.4
2884,The Last Mark,2.0
2885,Open Season,6.1
2886,Barbie Presents: Thumbelina,6.6
2887,Snatch,7.8
2888,Groundhog Day,7.6
2889,The Lego Star Wars Holiday Special,6.8
2890,National Treasure,6.6
2891,American Gangster,7.6
2892,Fucking Different XXX,6.4
2893,Momentum,5.7
2894,Jurassic World: Dominion - Prologue,2.0
2895,Man on a Ledge,6.4
2896,The Man with the Iron Fists 2,5.7
2897,Bring It On: Worldwide #Cheersmack,6.0
2898,Talk Sex,4.8
2899,Brick Mansions,5.9
2900,The Legend of the Nahuala,7.6
2901,Stand by Me,7.9
2902,Valentine's Day,5.9
2903,You Again,6.3
2904,Witching & Bitching,6.3
2905,Silent Hill: Revelation 3D,5.4
2906,Hocus Pocus,7.0
2907,2067,5.1
2908,The Little Prince,7.6
2909,West Side Story,7.3
2910,Mike and Dave Need Wedding Dates,6.1
2911,Patriots Day,7.0
2912,The Black Devil and the White Prince,7.6
2913,Leprechaun Returns,6.0
2914,Tron,6.7
2915,The Debt Collector,5.9
2916,Tombstone,7.6
2917,EuroTrip,6.5
2918,Jungle,6.5
2919,Barbie Mariposa & the Fairy Princess,7.0
2920,El Camino: A Breaking Bad Movie,6.9
2921,Big Momma's House,5.8
2922,Ride Along 2,6.2
2923,The Quake,6.8
2924,Planes: Fire & Rescue,6.2
2925,Ben 10: Secret of the Omnitrix,7.2
2926,Evil Dead II,7.5
2927,X-Rated: The Greatest Adult Movies of All Time,5.9
2928,Ip Man 3,7.0
2929,Superman/Shazam!: The Return of Black Adam,7.3
2930,The Mask of Zorro,6.5
2931,Row 19,4.6
2932,General Cemetery,6.6
2933,Wildflower,5.3
2934,Dancing Queens,5.9
2935,Harmonie,7.1
2936,Do You Believe?,6.7
2937,Planet of the Apes,7.6
2938,Mars Needs Moms,6.0
2939,Monster Trucks,6.1
2940,Avatar: Creating the World of Pandora,6.7
2941,Moon,7.6
2942,Justin Bieber: Our World,7.2
2943,The Messenger: The Story of Joan of Arc,6.3
2944,Jackass: The Movie,6.2
2945,What Men Want,6.2
2946,What Women Want,6.4
2947,Diamonds Are Forever,6.4
2948,Throne of Elves,7.5
2949,District 13: Ultimatum,6.4
2950,Contagion,6.6
2951,Cheaper by the Dozen 2,6.1
2952,FernGully: The Last Rainforest,6.3
2953,Reaptown,4.7
2954,Pokémon: The Rise of Darkrai,6.8
2955,Speed Racer,6.2
2956,Pokémon: The First Movie - Mewtwo Strikes Back,6.9
2957,Searching,7.6
2958,The 100 Candles Game,5.9
2959,Camp Rock 2: The Final Jam,6.3
2960,Acts of Vengeance,5.9
2961,No Country for Old Men,7.9
2962,The Lucky One,7.1
2963,New Initial D the Movie - Legend 3: Dream,7.4
2964,How to Be Single,6.2
2965,Surrogates,6.1
2966,Enter the Dragon,7.4
2967,One Flew Over the Cuckoo's Nest,8.4
2968,The Land Before Time: The Great Valley Adventure,6.3
2969,Bliss,5.5
2970,The Light Between Oceans,7.1
2971,Dear Rider: The Jake Burton Story,5.6
2972,Prison Break: The Final Break,7.5
2973,Captain Phillips,7.6
2974,A Movie of Eggs,7.7
2975,Wallace & Gromit: The Curse of the Were-Rabbit,7.0
2976,Peter Pan,7.2
2977,Mama,6.2
2978,The Diary of Anne Frank,7.2
2979,Trolls Holiday,6.7
2980,Jurassic Park,7.9
2981,The Good Son,6.7
2982,Cruel Intentions,6.8
2983,Planet 51,5.8
2984,Police Academy,6.6
2985,Fantastic Mr. Fox,7.8
2986,Risen,6.1
2987,Pokémon 3: The Movie - Spell of the Unown,6.4
2988,All Saints,6.2
2989,Immortal Demon Slayer,7.7
2990,Azor,6.1
2991,Wish Upon,5.6
2992,Tremors 5: Bloodlines,5.4
2993,The Banker,7.5
2994,Rage,5.2
2995,The Host,6.3
2996,Return of the Living Dead III,6.7
2997,Lady and the Tramp,7.3
2998,The Book of Esther,6.0
2999,Death Note: The Last Name,6.9
3000,The Girl Who Leapt Through Time,7.8
3001,Max,7.1
3002,The Secret Lives of College Freshmen,2.0
3003,Gravity,7.2
3004,An American Werewolf in London,7.4
3005,Molly's Game,7.1
3006,Beauty and the Beast,6.1
3007,Top Secret!,7.1
3008,The Gods Must Be Crazy II,6.9
3009,Six Days Seven Nights,6.0
3010,Cannibal Holocaust,6.3
3011,The Dreamers,7.3
3012,Water and Fire,7.8
3013,Dances with Wolves,7.9
3014,Apocalypse Now,8.3
3015,Blockers,6.3
3016,Paddington,7.1
3017,The Voyeur,4.7
3018,Revenge,6.4
3019,No Man of God,6.8
3020,The Double,5.8
3021,Fist of Fury,7.3
3022,Kronk's New Groove,6.4
3023,My Life in Ruins,6.1
3024,"Kinsenas, Katapusan",4.0
3025,Get Rich or Die Tryin',6.7
3026,Barbie & Her Sisters in the Great Puppy Adventure,7.3
3027,The Living Daylights,6.5
3028,Mad Max,6.7
3029,Spy Kids: All the Time in the World,4.7
3030,Resident Evil: Degeneration,6.8
3031,The Lie,6.4
3032,Doraemon: Nobita and the Winged Braves,7.3
3033,Beauty and the Beast: The Enchanted Christmas,6.2
3034,Pitch Perfect,7.3
3035,Peach Girl,6.9
3036,One Piece: Dead End Adventure,6.9
3037,Discarnate,5.5
3038,Anaconda 3: Offspring,4.8
3039,Next Avengers: Heroes of Tomorrow,6.9
3040,Chungking Express,8.0
3041,Old Dogs,5.5
3042,Blood Father,6.2
3043,Scooby-Doo! WrestleMania Mystery,7.4
3044,Asura,7.0
3045,The Salvation,6.4
3046,A Wrinkle in Time,5.1
3047,Ender's Game,6.6
3048,A Princess for Christmas,7.1
3049,"No eres tú, soy yo",7.2
3050,Souvenir,6.6
3051,In Our Prime,0.0
3052,Cujo,6.0
3053,This Is 40,5.8
3054,"Mickey, Donald, Goofy: The Three Musketeers",6.6
3055,Siberia,4.7
3056,Lego Scooby-Doo!: Haunted Hollywood,7.4
3057,The Big Short,7.3
3058,Joy Ride,6.5
3059,Boo 2! A Madea Halloween,5.7
3060,Alien Outpost,5.3
3061,Army of Darkness,7.3
3062,A Simple Favor,6.6
3063,Gattaca,7.6
3064,The Death of Stalin,7.0
3065,Darkest Hour,7.4
3066,Gantz,6.6
3067,The Miseducation of Cameron Post,6.9
3068,Skiptrace,5.6
3069,Barbie: The Pearl Princess,7.0
3070,Extinction,6.0
3071,Magic Mike XXL,6.2
3072,Nightride,5.0
3073,Boruto: Jump Festa Special,5.7
3074,The Bible: In the Beginning...,7.2
3075,The Old Guard,7.2
3076,Dead Calm,6.6
3077,Faster,6.3
3078,Gremlins,7.1
3079,Redeeming Love,7.0
3080,The Crush,6.4
3081,Papillon,7.4
3082,Nick and Norah's Infinite Playlist,6.4
3083,Are We Done Yet?,5.7
3084,Resident Evil,6.6
3085,Mixtape,7.2
3086,Kite,4.4
3087,The Clovehitch Killer,6.4
3088,Bleach the Movie: Memories of Nobody,6.9
3089,The Miracle of Marcelino,7.1
3090,Rurouni Kenshin Part III: The Legend Ends,7.8
3091,Jingle Jangle: A Christmas Journey,6.7
3092,Breakthrough,7.7
3093,Teen Titans Go! vs. Teen Titans,8.0
3094,Ao Oni The Animation,4.0
3095,Vamps,5.3
3096,Yellowstone,7.0
3097,Anaconda,5.1
3098,Breakout,4.5
3099,30 Days of Night: Dark Days,4.9
3100,Return of the Tooth Fairy,6.4
3101,Precious Cargo,5.2
3102,The Hurt Locker,7.3
3103,The Fugitive,7.4
3104,Cool World,5.5
3105,Critters,6.4
3106,The Forbidden Kingdom,6.6
3107,I'm in Love with a Church Girl,6.2
3108,Monstruosamente Solo,4.9
3109,Who Am I?,7.1
3110,Sleepless,5.9
3111,Jumper,6.1
3112,Deep Blue Sea 2,5.2
3113,Birds of Paradise,6.9
3114,Scooby-Doo! Shaggy's Showdown,8.0
3115,The Ballad of Buster Scruggs,7.2
3116,One Piece Film: Strong World,7.5
3117,Gran Torino,8.0
3118,Primal: Tales of Savagery,8.4
3119,Iron Man & Captain America: Heroes United,6.3
3120,Hellraiser,6.9
3121,Piranha 3DD,4.3
3122,I Am Mortal,5.3
3123,A Good Man,5.1
3124,The Smurfs: The Legend of Smurfy Hollow,6.9
3125,The Naked Gun: From the Files of Police Squad!,7.2
3126,The Karate Kid Part III,5.9
3127,Hidden Leaf Village Grand Sports Festival!,7.4
3128,The Porno Killers,3.1
3129,Doctor Strange,6.9
3130,Movie 43,4.5
3131,The Assignment,5.4
3132,Instructions Not Included,7.7
3133,Prayers for the Stolen,8.1
3134,Rumble in the Bronx,6.8
3135,The Gods Must Be Crazy,7.3
3136,Dallas Buyers Club,7.9
3137,Wonder Park,6.4
3138,Young Mother 3,5.5
3139,Doraemon: Nobita and the Tin Labyrinth,7.3
3140,Victor Frankenstein,5.9
3141,Sinister 2,5.8
3142,Step Up,6.9
3143,Sunny Side Battle!,8.0
3144,As the Gods Will,7.2
3145,A Delicious Flight,4.1
3146,The Condemned,6.1
3147,Signs,6.6
3148,After Porn Ends 3,5.4
3149,Batman: Mask of the Phantasm,7.5
3150,"Crouching Tiger, Hidden Dragon",7.4
3151,Pokémon: Arceus and the Jewel of Life,7.2
3152,A Beautiful Mind,7.9
3153,Beneath the Planet of the Apes,6.2
3154,AEW Revolution,7.1
3155,National Lampoon's European Vacation,6.2
3156,Dilwale Dulhania Le Jayenge,8.7
3157,Monte Carlo,6.6
3158,Silk Road,6.7
3159,Justice League Dark,7.4
3160,They Live Inside Us,5.9
3161,Zombie Night,3.9
3162,The Man with the Iron Heart,6.6
3163,Fate/stay night: Unlimited Blade Works,7.1
3164,Curiosa,6.0
3165,Every Day,7.2
3166,The Invasion,6.0
3167,Rendel,5.4
3168,The Princess Switch,7.1
3169,Ri¢hie Ri¢h,5.9
3170,30 Days of Night,6.4
3171,The Hurricane Heist,5.7
3172,Species: The Awakening,4.7
3173,The Adventures of Ichabod and Mr. Toad,6.5
3174,Grimsby,5.9
3175,Goodbye Summer,5.8
3176,Memento,8.2
3177,"Honey, I Shrunk the Kids",6.3
3178,The Others,7.6
3179,The Final,6.0
3180,Halloween: Resurrection,4.6
3181,Flawless,6.6
3182,Halo: Landfall,5.7
3183,Curious George: Cape Ahoy,3.5
3184,The Wishmas Tree,6.8
3185,Bright,6.2
3186,[REC]⁴ Apocalypse,5.6
3187,Peppermint,6.7
3188,Ben 10: Destroy All Aliens,6.2
3189,Game Night,6.8
3190,We Are Your Friends,6.7
3191,Walking Tall,6.3
3192,Shrek the Halls,6.3
3193,Aquamarine,6.3
3194,Addicted,5.9
3195,Dragon Ball: Sleeping Princess in Devil's Castle,6.5
3196,Casino,8.0
3197,Ticking Clock,5.4
3198,Children of the Living Dead,3.3
3199,Secretary,6.8
3200,"Me, Myself & Irene",6.6
3201,The Social Dilemma,7.5
3202,Doom: Annihilation,4.9
3203,The Basketball Diaries,7.4
3204,Mean Girls 2,5.3
3205,Apostasy,6.7
3206,Supernova,7.0
3207,Sex Weather,6.0
3208,The Impossible,7.3
3209,Saludos Amigos,5.9
3210,Until Forever,7.6
3211,New Police Story,7.0
3212,Sharpay's Fabulous Adventure,6.1
3213,Triple Threat,6.4
3214,The Crazies,6.2
3215,The Swan Princess,6.6
3216,The Spectacular Now,6.6
3217,Shanghai Noon,6.4
3218,Taxi,5.5
3219,Come and See,8.3
3220,A Cinderella Story: Starstruck,7.4
3221,Magic Mike,6.1
3222,Stuck Together,6.1
3223,After.Life,6.2
3224,Prisoners of the Ghostland,5.1
3225,Primal,5.8
3226,Stomp the Yard,6.8
3227,Deep Impact,6.2
3228,Gothika,6.1
3229,Nosferatu,7.7
3230,Marmaduke,5.3
3231,Halloween 5: The Revenge of Michael Myers,5.4
3232,Erin Brockovich,7.4
3233,Lead Me Home,6.9
3234,Adventures of Aladdin,4.5
3235,Another,6.0
3236,Kaguya-sama: Love Is War,7.3
3237,The Last Temptation of Christ,7.2
3238,V.I.P.,8.0
3239,Downfall,7.8
3240,Legends of the Fall,7.4
3241,I Still Believe,7.7
3242,Minari,7.4
3243,Martyrs,7.4
3244,Inuyasha the Movie 3: Swords of an Honorable Ruler,7.8
3245,Remember the Titans,7.6
3246,Leroy & Stitch,6.6
3247,Bingo Hell,4.8
3248,Night Hunter,6.5
3249,Pet Sematary II,5.3
3250,I Am Dragon,7.2
3251,The Exorcist III,6.2
3252,Cobra,6.0
3253,In the Shadow of the Moon,6.2
3254,King of Thorn,6.5
3255,Hugo,7.2
3256,Evan Almighty,5.5
3257,Code 8,6.2
3258,Tag,6.7
3259,Gone with the Wind,8.0
3260,Octopussy,6.3
3261,Vico C: The Life Of A Philosopher,7.6
3262,Fracture,7.3
3263,Austin Powers: International Man of Mystery,6.5
3264,Lifeforce,6.3
3265,Johnny English,6.2
3266,Pokémon: The Movie 2000,6.6
3267,3-Iron,7.8
3268,Anon,5.9
3269,The Wife,7.1
3270,The Usual Suspects,8.2
3271,Who Am I,7.7
3272,#Alive,7.3
3273,The Mauritanian,7.5
3274,"ariana grande: excuse me, i love you",8.5
3275,Yara,6.3
3276,King Arthur,6.3
3277,Mrs. Doubtfire,7.2
3278,88,5.1
3279,Detective Conan: Private Eye in the Distant Sea,6.7
3280,365 Days,4.8
3281,Messi,7.2
3282,The Hate U Give,8.3
3283,Mr. Bean's Holiday,6.3
3284,Creepshow 3,4.6
3285,The Barbie Diaries,6.2
3286,From Up on Poppy Hill,7.6
3287,The Eye,5.8
3288,Sadako,6.0
3289,Solitary Man,5.8
3290,Z-O-M-B-I-E-S 2,7.8
3291,Malnazidos,0.0
3292,Halloween II,6.5
3293,Bleach the Movie: The DiamondDust Rebellion,6.6
3294,The Legend of Zorro,6.1
3295,Paranormal Activity: The Ghost Dimension,5.3
3296,Meet the Parents,6.7
3297,Haywire,5.7
3298,Harold & Kumar Go to White Castle,6.5
3299,A Madea Family Funeral,5.9
3300,Closest Love to Heaven,7.8
3301,Mortal Kombat: Annihilation,4.5
3302,The Longest Ride,7.6
3303,The King,7.2
3304,Better Watch Out,6.7
3305,Ultimate Avengers: The Movie,6.8
3306,Scooby-Doo on Zombie Island,7.6
3307,Moonraker,6.1
3308,Bad Teacher,5.6
3309,Flight 7500,4.7
3310,Honey 2,6.3
3311,Species II,5.1
3312,Kangaroo Jack,5.1
3313,Sextuplets,6.3
3314,Personal Shopper,5.9
3315,Neon Genesis Evangelion: Death and Rebirth,7.5
3316,Kung-Fu Zohra,0.0
3317,Stranded,4.8
3318,The Grudge,5.6
3319,Unforgettable,5.8
3320,Inside Man,7.4
3321,Loving Pablo,6.3
3322,Wanderlust,5.5
3323,You're Next,6.6
3324,Pokémon the Movie: Black - Victini and Reshiram,6.6
3325,Brain on Fire,7.1
3326,Kizumonogatari Part 1: Tekketsu,7.8
3327,Leprechaun 4: In Space,4.5
3328,Gurren Lagann the Movie: The Lights in the Sky Are Stars,8.0
3329,Indecent Proposal,6.3
3330,The Legend of Drunken Master,7.4
3331,I Don't Know How She Does It,5.2
3332,Mad Max Beyond Thunderdome,6.2
3333,Despicable Me 4,0.0
3334,Heaven's Lost Property Final – The Movie: Eternally My Master,7.6
3335,The Descent,7.0
3336,Total Recall,7.3
3337,Fearless,6.2
3338,The Girl with All the Gifts,6.6
3339,In the Realm of the Senses,6.5
3340,Come True,6.1
3341,Deuce Bigalow: Male Gigolo,5.9
3342,Jaws: The Revenge,4.0
3343,Halloween III: Season of the Witch,5.1
3344,Shinjuku Incident,6.6
3345,Taxi 2,6.2
3346,Red Dawn,6.3
3347,Romeo + Juliet,6.8
3348,Ace Ventura: Pet Detective,6.5
3349,Creed III,0.0
3350,Trading Places,7.2
3351,Jism,4.4
3352,Thunderstruck,6.0
3353,Kung Fu Yoga,5.9
3354,Rurouni Kenshin Part II: Kyoto Inferno,7.7
3355,Alien Xmas,6.7
3356,There's Something About Mary,6.6
3357,Amores Perros,7.6
3358,The Human Centipede 3 (Final Sequence),3.7
3359,Newness,6.1
3360,Resident Evil: Apocalypse,6.4
3361,One Piece: The Desert Princess and the Pirates: Adventure in Alabasta,6.6
3362,La Luna,6.5
3363,Doctor Sleep,7.2
3364,Cliffhanger,6.4
3365,Shutter,7.2
3366,Copshop,6.3
3367,Level Sixteen,6.8
3368,Penguin Bloom,7.2
3369,More Than Miyagi: The Pat Morita Story,7.1
3370,Crimson Peak,6.6
3371,LEGO Marvel Super Heroes: Avengers Reassembled!,6.5
3372,The 40 Year Old Virgin,6.3
3373,La Cantera,2.0
3374,Open Season: Scared Silly,5.9
3375,Eat Pray Love,6.2
3376,Dragon Ball: Mystical Adventure,6.8
3377,Shallow Hal,6.1
3378,Porn Star Zombies,5.6
3379,Twister,6.4
3380,Fast Times at Ridgemont High,6.8
3381,The Black Cauldron,6.5
3382,Fear and Loathing in Las Vegas,7.2
3383,The Anthem of the Heart,7.2
3384,[REC]³ Genesis,5.2
3385,Ex Machina,7.6
3386,Licence to Kill,6.3
3387,Primeval,6.0
3388,Uptown Girls,6.6
3389,Mortal Kombat,5.8
3390,Tremors,6.8
3391,The Death of Superman,7.6
3392,Cats & Dogs: The Revenge of Kitty Galore,5.2
3393,Miss Sloane,7.5
3394,Snake in the Eagle's Shadow,7.3
3395,A Model Kidnapping,5.9
3396,My Name Is Khan,8.1
3397,Wolfwalkers,8.5
3398,Scooby-Doo! and the Monster of Mexico,7.3
3399,Sorry If I Call You Love,7.2
3400,Pokémon: Giratina and the Sky Warrior,6.8
3401,Doraemon: Nobita and the Galaxy Super-express,7.8
3402,At the End of the Tunnel,7.1
3403,Red Lights,6.1
3404,Trouble,6.7
3405,Something the Lord Made,7.8
3406,Shottas,7.5
3407,Bedazzled,6.0
3408,Patema Inverted,7.4
3409,Children Who Chase Lost Voices,7.2
3410,The Muppets,6.6
3411,Bad Luck Banging or Loony Porn,6.5
3412,Adventures of a Mathematician,6.2
3413,The Starling,7.2
3414,Starship Troopers,7.0
3415,A Few Good Men,7.5
3416,Entrapment,6.2
3417,Don't Air Your Dirty Laundry In Public,7.6
3418,Hunter x Hunter: Phantom Rouge,7.2
3419,Downsizing,5.3
3420,The Golden Compass,6.0
3421,Bad Moms,6.5
3422,Misery,7.7
3423,Changeling,7.6
3424,The Marine 5: Battleground,6.6
3425,The Brothers Grimm,5.8
3426,The Outsiders,7.3
3427,Chapo: El Escape Del Siglo,5.4
3428,Ju-on: The Grudge,6.8
3429,The Legend of Hercules,4.7
3430,Northmen: A Viking Saga,5.4
3431,Liar Liar,6.6
3432,My Sassy Girl,7.5
3433,Death Note,4.2
3434,Alanis,6.1
3435,Trainspotting,8.0
3436,Arthur and the Revenge of Maltazard,5.7
3437,Four Brothers,6.7
3438,The Pirates,7.1
3439,Leprechaun in the Hood,5.0
3440,Legend of the BoneKnapper Dragon,6.7
3441,Robin Hood: Prince of Thieves,6.8
3442,Enola Holmes,7.4
3443,50/50,7.1
3444,Traffik,6.2
3445,The Finest Hours,6.5
3446,The Witcher: Nightmare of the Wolf,7.7
3447,Jackass 3.5,6.3
3448,The Grandmaster,6.5
3449,The Curse of Buckout Road,6.6
3450,Diego Maradona,7.5
3451,Status Update,7.4
3452,Fantasy Island,6.0
3453,Bankrolled,6.1
3454,Psycho-Pass: The Movie,7.1
3455,Alien Outbreak,3.8
3456,The Girl with the Dragon Tattoo,7.4
3457,Teenage Mutant Ninja Turtles,6.6
3458,Robot Overlords,4.8
3459,The Danish Girl,7.6
3460,The Craft,6.7
3461,The Maid,3.4
3462,Dragons: Gift of the Night Fury,7.1
3463,Starship Troopers: Invasion,5.9
3464,Spread,5.4
3465,Hustlers,6.5
3466,Exorcist II: The Heretic,4.6
3467,Possessed,6.1
3468,47 Hours to Live,6.2
3469,Single Mother by Choice,7.5
3470,DodgeBall: A True Underdog Story,6.3
3471,Halloween II,5.4
3472,A Christmas Together With You,5.8
3473,The Prey,6.4
3474,The Little Rascals,6.7
3475,The Dead Don't Die,5.5
3476,The Second Coming of Christ,3.6
3477,A Choice of Weapons: Inspired by Gordon Parks,6.6
3478,Detetive Madeinusa,4.6
3479,Sometimes They Come Back,5.9
3480,Hackers,6.3
3481,Dragons: Rescue Riders: Secrets of the Songwing,8.0
3482,Scooby-Doo! Pirates Ahoy!,7.7
3483,Ajin: Demi-Human,7.6
3484,The War with Grandpa,6.5
3485,Black Adam,0.0
3486,Lethal Weapon 2,7.0
3487,Young Mother,5.5
3488,Accident Man,6.0
3489,The Fighter,7.4
3490,Unstoppable,6.5
3491,Stand by Me Doraemon 2,7.6
3492,One Piece: The Movie,6.8
3493,The Courier,6.1
3494,Pete's Dragon,6.4
3495,Tini: The New Life of Violetta,7.3
3496,Recess: School's Out,6.5
3497,Twitches Too,6.8
3498,The Grudge 3,5.4
3499,Shazam! Fury of the Gods,0.0
3500,Hotel Transylvania: Puppy!,6.4
3501,Kill 'em All,5.5
3502,Escape from Pretoria,7.3
3503,Tammy,5.3
3504,She's All That,6.3
3505,Fullmetal Alchemist the Movie: Conqueror of Shamballa,7.3
3506,The Visit,6.3
3507,Barbie in Rock 'N Royals,7.0
3508,The Circle,5.5
3509,The Negotiator,7.1
3510,The Package,6.0
3511,The Naked Gun 2½: The Smell of Fear,6.8
3512,Death Note Relight 1: Visions of a God,7.9
3513,Petite maman,7.0
3514,Barbie in 'A Christmas Carol',7.1
3515,"South Park: Bigger, Longer & Uncut",7.2
3516,Polaroid,5.9
3517,Get the Goat,6.9
3518,Punisher: War Zone,5.8
3519,Donnie Darko,7.8
3520,Batman: Gotham Knight,6.7
3521,A View to a Kill,6.1
3522,Lamp Life,7.3
3523,The Father,8.2
3524,Pan,6.0
3525,Area 51,4.7
3526,Another Round,7.7
3527,Event Horizon,6.5
3528,War,6.3
3529,A Woman With No Filter,7.8
3530,That Awkward Moment,6.1
3531,Scooby-Doo! and the Witch's Ghost,7.4
3532,"Legally Blonde 2: Red, White & Blonde",5.6
3533,Apollo 13,7.4
3534,Avatar: Scene Deconstruction,8.5
3535,American Beauty,8.0
3536,Triple Frontier,6.3
3537,Detective Conan: Sunflowers of Inferno,6.2
3538,Hacker,6.3
3539,Rio Bravo,7.9
3540,Air Force One,6.4
3541,Scooby-Doo! and Kiss: Rock and Roll Mystery,8.1
3542,A Bronx Tale,7.8
3543,Blood Moon,6.1
3544,The Mule,6.8
3545,The Hitchhiker's Guide to the Galaxy,6.7
3546,Only Lovers Left Alive,7.3
3547,The Wrong Missy,6.2
3548,Peligro en tu mirada,7.1
3549,No Tears for the Dead,7.1
3550,Life After Beth,5.4
3551,Candyman,6.5
3552,Sexo Animal,3.0
3553,King Kong,6.2
3554,Barbie Video Game Hero,7.1
3555,The Rite,6.1
3556,Fist Fight,6.1
3557,Gangs of New York,7.3
3558,Some Like It Hot,8.2
3559,Frequency,7.2
3560,Deuce Bigalow: European Gigolo,5.1
3561,Wild Hogs,5.9
3562,One Piece: Clockwork Island Adventure,6.8
3563,The Count of Monte Cristo,7.6
3564,Basic Instinct 2,5.0
3565,What's Eating Gilbert Grape,7.7
3566,Carrie,7.3
3567,Do You Do You Saint-Tropez,5.1
3568,Macross Delta the Movie: Passionate Walküre,5.0
3569,Unfriended,5.5
3570,The Haunting in Connecticut 2: Ghosts of Georgia,5.8
3571,T-34,7.1
3572,Atonement,7.7
3573,On Her Majesty's Secret Service,6.6
3574,Reign of the Supermen,7.2
3575,Klaus,8.3
3576,Aftermath,5.7
3577,Another Cinderella Story,6.8
3578,Das Boot,8.1
3579,The Lobster,7.0
3580,P.S. I Love You,7.2
3581,Pooh's Heffalump Movie,6.8
3582,Phantom,5.9
3583,All Eyez on Me,6.7
3584,The Cobbler,5.8
3585,Camp Confidential: America's Secret Nazis,7.0
3586,Silence,7.1
3587,The Only Living Boy in New York,6.3
3588,Battle for Sevastopol,7.3
3589,Playing with Fire,6.9
3590,Blue Story,7.2
3591,The Marine,6.0
3592,Pound of Flesh,5.7
3593,Transformers: Dark of the Moon,6.1
3594,A Moment to Remember,7.8
3595,Butch Cassidy and the Sundance Kid,7.6
3596,Midnight in the Switchgrass,6.2
3597,Species III,5.3
3598,Zombie Apocalypse,5.4
3599,LEGO DC: Shazam! Magic and Monsters,7.4
3600,Lake Placid: Legacy,5.3
3601,Wanted,6.5
3602,Eiffel,6.3
3603,The Aviator,7.2
3604,The Girl with the Dragon Tattoo,7.5
3605,The King of Staten Island,7.0
3606,Austin Powers: The Spy Who Shagged Me,6.2
3607,Nocturne,6.0
3608,Superman: Red Son,7.3
3609,Ninja,6.0
3610,Two Mothers,7.0
3611,Run,7.4
3612,Le Gendarme de Saint-Tropez,7.1
3613,I Still Know What You Did Last Summer,5.3
3614,Bleach the Movie: Fade to Black,7.0
3615,Stardust,7.2
3616,The Midnight Sky,5.8
3617,The Big Lebowski,7.9
3618,The Many Adventures of Winnie the Pooh,7.2
3619,Cat's Eye,6.7
3620,Ace Ventura: When Nature Calls,6.3
3621,The Wandering Earth,6.4
3622,MouseHunt,6.5
3623,TEKKEN: Blood Vengeance,6.8
3624,Black Box,7.6
3625,The Invisible Guardian,6.5
3626,Murder Party,0.0
3627,Free Willy 3: The Rescue,6.3
3628,The Bodyguard,6.6
3629,Barbarella,5.9
3630,Steins;Gate: The Movie − Load Region of Déjà Vu,7.6
3631,Seven Samurai,8.5
3632,Fist of Legend,7.5
3633,Allied,6.8
3634,Gremlins 2: The New Batch,6.4
3635,Kites,7.1
3636,Cloud Atlas,6.9
3637,War Horse,7.3
3638,What Happens in Vegas,6.1
3639,Hot Shots! Part Deux,6.5
3640,Babylon A.D.,5.6
3641,Female Urologists 2,7.3
3642,Robert Reborn,4.5
3643,Happy Death Day,6.6
3644,The Nightingale,7.1
3645,Kickboxer,6.8
3646,Malicious,7.0
3647,Michael Jackson: The Life of an Icon,7.9
3648,Headshot,6.5
3649,Attraction,6.6
3650,Police Story,7.5
3651,Queenpins,6.6
3652,The Saint,6.1
3653,Jungle Beat: The Movie,7.1
3654,The Nut Job 2: Nutty by Nature,5.9
3655,The Illusionist,7.3
3656,Armour of God,7.0
3657,Digimon: The Movie,6.6
3658,Unfriended: Dark Web,6.3
3659,Sexual Chronicles of a French Family,4.7
3660,The Little Hours,5.7
3661,The Rundown,6.4
3662,Violet Evergarden: The Movie,8.7
3663,"10,000 BC",5.4
3664,"Chill Out, Scooby-Doo!",7.6
3665,We Were Soldiers,7.1
3666,The Great Mouse Detective,7.0
3667,Showgirls,5.5
3668,Two Is a Family,7.8
3669,Kung Fu Jungle,6.7
3670,Arthur Christmas,6.7
3671,Lemony Snicket's A Series of Unfortunate Events,6.8
3672,Ringu 2,5.8
3673,Sexo contra sexo,5.3
3674,Mulholland Drive,7.8
3675,The Battleship Island,7.2
3676,Veronica,6.2
3677,EverAfter,7.3
3678,The Magician,6.3
3679,The Wolfman,5.8
3680,Crazy Rich Asians,7.1
3681,Hot Fuzz,7.5
3682,The Lodge,6.1
3683,9 Songs,5.6
3684,Dawn of the Dead,7.5
3685,Doctor Dolittle,5.7
3686,Assassin 33 A.D.,5.3
3687,Mr. Nobody,7.9
3688,Good Luck Chuck,5.9
3689,Children of Heaven,7.9
3690,Ghost in the Shell 2: Innocence,7.3
3691,Welcome to Marwen,6.6
3692,Coma,6.3
3693,Love Actually,7.1
3694,Mean Machine,6.2
3695,Devil,6.0
3696,The Fly,7.4
3697,Big Fish,7.8
3698,Goliath,7.1
3699,The Monkey King: Reborn,7.4
3700,Talladega Nights: The Ballad of Ricky Bobby,6.3
3701,Amulet,5.5
3702,The Raid,7.4
3703,Æon Flux,5.6
3704,I Am Iron Man,7.3
3705,Original Sin,6.1
3706,Lie with Me,5.1
3707,Waterworld,6.1
3708,Escape Plan: The Extractors,5.3
3709,Pokémon Heroes: Latios and Latias,6.5
3710,Violet Evergarden: Eternity and the Auto Memory Doll,8.3
3711,In the Mood for Love,8.1
3712,Scooby-Doo! and the Goblin King,7.9
3713,Adventures in Babysitting,7.4
3714,Oldboy,5.9
3715,Greyhound,7.4
3716,Death Becomes Her,6.7
3717,Eragon,5.0
3718,The Burning Sea,7.2
3719,Every Secret Thing,6.1
3720,Madea Goes to Jail,6.6
3721,Chinatown,7.9
3722,Ronaldo,6.9
3723,Beauty Salon: Special Service,6.7
3724,From Dusk Till Dawn,7.0
3725,Trauma Center,5.7
3726,Cosmoball,6.4
3727,Desperado,6.9
3728,Stargate,7.0
3729,Let Me In,6.8
3730,For Your Eyes Only,6.5
3731,Forever Rich,6.0
3732,Kalashnikov AK-47,7.6
3733,The In Between,7.0
3734,A Nightmare on Elm Street 4: The Dream Master,5.8
3735,Como Hackear Seu Chefe,6.7
3736,True Lies,7.0
3737,The Three Musketeers,5.8
3738,Gonjiam: Haunted Asylum,7.3
3739,Mia and the White Lion,7.3
3740,Moms' Night Out,5.6
3741,U.S. Marshals,6.5
3742,The Man with the Golden Gun,6.4
3743,The Healer,7.2
3744,Acrimony,6.8
3745,Mars Attacks!,6.4
3746,Sex Is Zero,5.9
3747,RV,5.9
3748,Evil Eye,5.5
3749,The Zookeeper's Wife,7.4
3750,Marvel One-Shot: Agent Carter,7.4
3751,Alexander,5.9
3752,Bridget Jones's Diary,6.8
3753,Polar,6.3
3754,Deadly Excursion,6.1
3755,Darlin',5.7
3756,Kiss of the Dragon,6.8
3757,Juno,7.0
3758,Ultimate Avengers 2,6.8
3759,Naked,5.7
3760,The Other Lamb,6.0
3761,Holidate,7.1
3762,Mighty Morphin Power Rangers: The Movie,5.7
3763,District B13,6.7
3764,Monster High: Welcome to Monster High,6.7
3765,Land of the Dead,6.2
3766,If It Bleeds We Can Kill It: The Making of 'Predator',7.5
3767,Winnie the Pooh,6.9
3768,Shiloh,5.8
3769,Ajin: Demi-Human – Compel,7.2
3770,Boogie Nights,7.6
3771,Shin Godzilla,7.1
3772,12 Years a Slave,7.9
3773,The Ultimate Gift,7.6
3774,In Hell,6.3
3775,For the Sake of Vicious,6.7
3776,The Young Messiah,6.3
3777,The Big Boss,7.2
3778,Lake Placid,5.8
3779,Naked Gun 33⅓: The Final Insult,6.4
3780,This Means War,6.1
3781,The Vanished,6.0
3782,Leprechaun: Origins,4.6
3783,Batman: Mystery of the Batwoman,6.7
3784,Naruto Shippuden: OVA Hashirama Senju vs Madara Uchiha,6.5
3785,Fighting with My Family,6.8
3786,Pom Poko,7.2
3787,Lethal Weapon,7.3
3788,Diary of a Wimpy Kid: The Long Haul,5.4
3789,Fargo,7.9
3790,Monk Comes Down the Mountain,5.2
3791,Live and Let Die,6.5
3792,Thunderbolt,6.4
3793,Free Birds,5.9
3794,Sniper: Ghost Shooter,6.6
3795,Return to Never Land,6.4
3796,Y Tu Mamá También,7.4
3797,Spenser Confidential,6.5
3798,Cold Eyes,7.5
3799,The Bad Seed,7.1
3800,Memories of Murder,8.1
3801,Free Willy 2: The Adventure Home,5.9
3802,Shame,7.0
3803,Tooth Fairy 2,5.0
3804,A Cinderella Story: Christmas Wish,6.5
3805,Good Time,7.2
3806,Old School,6.6
3807,Freedom Writers,7.9
3808,Jaws 2,5.9
3809,The Sound of Music,7.7
3810,The Bone Collector,6.8
3811,Eli,6.0
3812,Dennis the Menace,5.8
3813,Miss Congeniality,6.5
3814,Down,6.7
3815,A Score to Settle,6.2
3816,The Animal,5.0
3817,Ninja: Shadow of a Tear,6.5
3818,Pilgrimage,5.9
3819,The Magnificent Seven,7.6
3820,Birth of the Dragon,5.8
3821,One Piece: Giant Mecha Soldier of Karakuri Castle,7.0
3822,The Way of the Dragon,7.4
3823,Taxi 4,5.5
3824,Ben 10 Versus the Universe: The Movie,7.7
3825,Okja,7.4
3826,Logan Lucky,6.7
3827,Step Brothers,6.5
3828,Tempus Tormentum,5.6
3829,Paranormal Activity 4,5.4
3830,National Lampoon's Vacation,7.1
3831,Inherent Vice,6.6
3832,Face/Off,7.0
3833,Eight Below,7.0
3834,Arthur,5.6
3835,The Spy Who Loved Me,6.8
3836,Forgotten,8.0
3837,Doraemon: Nobita's New Great Adventure Into the Underworld - The Seven Magic Users,6.9
3838,Innerspace,6.8
3839,Gantz: Perfect Answer,6.7
3840,The Hunt for Red October,7.4
3841,Scooby-Doo! Return to Zombie Island,7.0
3842,Naruto x UT,7.9
3843,Creepshow,6.9
3844,The Breakfast Club,7.8
3845,Stigmata,6.2
3846,Asterix & Obelix Take on Caesar,6.0
3847,Burlesque,7.2
3848,Spawn,5.3
3849,Girl vs. Monster,6.4
3850,Winter on Fire: Ukraine's Fight for Freedom,8.0
3851,Road Wars,3.7
3852,Planet Terror,6.6
3853,Shoot 'Em Up,6.4
3854,Jack and the Cuckoo-Clock Heart,7.2
3855,Justice League vs. the Fatal Five,6.9
3856,Reasonable Doubt,5.8
3857,Universal Soldier: Day of Reckoning,5.5
3858,Taya,5.3
3859,Identity,7.2
3860,Into the Woods,5.8
3861,The Baytown Outlaws,6.1
3862,Jackass Number Two,6.4
3863,47 Meters Down: Uncaged,5.7
3864,Krampus,6.1
3865,Hostiles,6.9
3866,My Girlfriend's Boyfriend,5.8
3867,Honey 3: Dare to Dance,6.7
3868,I Know What You Did Last Summer,5.9
3869,Crank,6.6
3870,One Piece: Chopper's Kingdom on the Island of Strange Animals,6.6
3871,Epic Movie,3.9
3872,Citizen Kane,8.0
3873,Final Fantasy VII: Advent Children,7.1
3874,Fantomas vs. Scotland Yard,6.7
3875,Hero,7.5
3876,A Million Ways to Die in the West,6.0
3877,Out Of My League,7.1
3878,Adrift,6.9
3879,The Number 23,6.4
3880,Danger Close: The Battle of Long Tan,7.0
3881,Beverly Hills Chihuahua 2,5.8
3882,The Abyss,7.3
3883,"Josee, the Tiger and the Fish",8.6
3884,Concussion,7.1
3885,Flight,6.8
3886,Escape Room,4.5
3887,The X Files,6.8
3888,The Founder,7.1
3889,Blue Miracle,7.6
3890,Don't Be Afraid of the Dark,5.7
3891,Footloose,6.6
3892,Lightyear,0.0
3893,Feel the Beat,7.7
3894,Minority Report,7.3
3895,Fading Petals,0.0
3896,V/H/S/94,6.5
3897,Hellraiser: Hellworld,4.8
3898,King Kong,7.6
3899,Shorts,5.9
3900,A Prayer Before Dawn,6.8
3901,Scooby-Doo! Abracadabra-Doo,7.8
3902,Let Me Eat Your Pancreas,6.8
3903,Legend Quest: The Legend of the Guanajuato Mummies,7.7
3904,American Ninja 2: The Confrontation,5.4
3905,Bitter Moon,7.0
3906,Priest,5.7
3907,Beethoven,5.8
3908,All the Money in the World,6.5
3909,Beyond the Reach,5.9
3910,The Hobbit,6.3
3911,Hot Shots!,6.5
3912,High School Musical 2,6.5
3913,The Village,6.4
3914,The Mist,6.8
3915,Teen Wolf,6.2
3916,Hal,6.7
3917,Twitches,6.7
3918,Hellraiser: Inferno,5.5
3919,24 Hours to Live,5.9
3920,Frivolous Lola,4.7
3921,Future World,4.3
3922,Hidalgo,6.8
3923,Son of a Gun,6.4
3924,A.I. Rising,5.0
3925,The Wailer,6.6
3926,Eliminators,6.5
3927,Typhoon Noruda,6.2
3928,My Octopus Teacher,8.0
3929,Swamp Thing,5.4
3930,Strike Witches the Movie,5.2
3931,Pandorum,6.5
3932,30 Miles from Nowhere,4.4
3933,Elektra,5.0
3934,Hoodlum,6.4
3935,Dr. Strangelove,8.1
3936,Permis de construire,0.0
3937,The Adjustment Bureau,6.7
3938,The Little Vampire 3D,6.2
3939,Tarzan & Jane,6.0
3940,The Villainess,6.9
3941,The Tale of The Princess Kaguya,8.1
3942,StarDog and TurboCat,7.3
3943,Jarhead,6.6
3944,Clean,6.6
3945,Raise the Red Lantern,8.0
3946,The Wailing,7.3
3947,Payback,6.8
3948,Little Nicky,5.9
3949,TMNT,6.1
3950,Mannequin,6.8
3951,Triple 9,5.9
3952,Asterix & Obelix: Mission Cleopatra,7.4
3953,Surf's Up,6.3
3954,Colossal,6.3
3955,White Fang,7.3
3956,Dinner for Schmucks,5.6
3957,The Swan Princess: A Royal Wedding,7.3
3958,Mercury Rising,6.2
3959,The Bucket List,7.2
3960,Skinwalkers,5.1
3961,Lake Placid vs. Anaconda,5.4
3962,Doom,5.1
3963,Psychic Kusuo,6.4
3964,Teen Titans: Trouble in Tokyo,7.8
3965,"Sex, Lies, and Videotape",6.9
3966,Just Once,5.4
3967,To the Bone,7.2
3968,Pete's Dragon,6.4
3969,Hoodwinked!,6.2
3970,Horizon Line,5.9
3971,The Alamo,7.2
3972,Christine,6.8
3973,The Bank Job,6.8
3974,The Lovers,4.7
3975,Legend of the Guardians: The Owls of Ga'Hoole,6.8
3976,The Grudge 2,5.5
3977,Grand Isle,5.8
3978,Cyborg,5.5
3979,All Things Fair,6.3
3980,Mr. Six,6.9
3981,"Paw Patrol: Ready, Race, Rescue!",7.0
3982,Riley's First Date?,7.2
3983,The Reader,7.4
3984,Mirror Mirror,5.9
3985,Hot Bot,4.3
3986,The House of Magic,6.3
3987,A Bad Moms Christmas,6.3
3988,American Hustle,6.8
3989,JLA Adventures: Trapped in Time,6.7
3990,Innocent Voices,8.1
3991,Romance & Cigarettes,5.9
3992,Criminal,6.1
3993,Asterix: The Mansions of the Gods,6.8
3994,Downton Abbey,7.2
3995,Ong Bak 3,5.9
3996,Miss Congeniality 2: Armed and Fabulous,5.7
3997,All for Her,4.7
3998,Merry Madagascar,6.4
3999,The Art of Racing in the Rain,8.3
4000,Keeping Up with the Joneses,6.1
4001,Scarface,7.5
4002,Beowulf,5.8
4003,Home Alone: The Holiday Heist,5.3
4004,Solomon and Sheba,6.3
4005,Oliver & Company,6.7
4006,Fabricated City,7.8
4007,Jumanji: Level One,6.2
4008,Rush,7.7
4009,Push,6.1
4010,Final Score,6.1
4011,"Yes, God, Yes",6.0
4012,Love Scenes,7.5
4013,Leviathan,5.9
4014,Bachelor Party,6.3
4015,Monster-in-Law,6.2
4016,Facing Monsters,0.0
4017,The Little Vampire,6.8
4018,A Knight's Tale,6.9
4019,Ne Zha,8.0
4020,The Day the Earth Stood Still,5.6
4021,The Batman Superman Movie: World's Finest,7.2
4022,Free Fire,6.3
4023,The Tigger Movie,6.5
4024,Lupin the Third: The Castle of Cagliostro,7.5
4025,Oscar and the Lady in Pink,6.5
4026,Enough,6.6
4027,16 Wishes,6.3
4028,South Park: Post COVID,7.4
4029,The Shallows,6.4
4030,Solace,6.3
4031,The Last Sharknado: It's About Time,4.6
4032,Maggie,5.3
4033,Gladiator,7.5
4034,American Ultra,6.1
4035,Blue Exorcist: The Movie,7.3
4036,A Castle for Christmas,5.9
4037,The NeverEnding Story III,4.4
4038,Spooks: The Greater Good,6.0
4039,Invisible Sister,6.7
4040,The Talented Mr. Ripley,7.2
4041,The Queen's Corgi,6.1
4042,Adventures of Dally and Spanky,7.4
4043,Abduction,5.9
4044,Stitch! The Movie,6.5
4045,Precious,7.3
4046,Sweeney Todd: The Demon Barber of Fleet Street,7.2
4047,American Assassin,6.4
4048,Flatliners,6.5
4049,Natural Born Killers,7.1
4050,Lethal Weapon 3,6.7
4051,Ooops! Noah Is Gone...,6.3
4052,Superman IV: The Quest for Peace,4.5
4053,Police Story 2,7.0
4054,Going in Style,6.7
4055,Evil Woman,4.0
4056,Ma,5.8
4057,Pretty Baby,7.0
4058,Zombies! Zombies! Zombies!,4.2
4059,The Spy Who Dumped Me,6.4
4060,Hitch,6.5
4061,Berlin Syndrome,6.0
4062,Behind the Mask: The Batman Dead End Story,8.0
4063,After Sex,5.4
4064,Mirrors 2,5.6
4065,Black and Blue,6.7
4066,The Titan,5.4
4067,Spider-Man Strikes Back,5.2
4068,A Funny Thing Happened on the Way to Thor's Hammer,7.1
4069,Nisekoi: False Love,7.6
4070,Master Z: Ip Man Legacy,6.2
4071,The Other Boleyn Girl,6.6
4072,Book of Dragons,6.6
4073,Think Like a Man Too,6.5
4074,Unconditional,6.8
4075,Bicentennial Man,7.2
4076,Into the Wild,7.8
4077,Perfect Sisters,5.8
4078,The Woman in Black 2: Angel of Death,5.2
4079,The Willoughbys,7.2
4080,Steel Magnolias,7.2
4081,Milf,4.3
4082,Before I Go to Sleep,6.5
4083,The First Time,7.0
4084,Buzz Lightyear of Star Command: The Adventure Begins,6.4
4085,"Girl, Interrupted",7.6
4086,Room in Rome,6.4
4087,The Space Between,5.4
4088,Sword of the Stranger,7.6
4089,Pokémon Apokélypse,5.2
4090,Justice League: Secret Origins,7.7
4091,Enemy,6.9
4092,Mindhunters,6.5
4093,#realityhigh,6.4
4094,The Great Escape,8.0
4095,Escobar: Paradise Lost,6.3
4096,Inuyasha the Movie: Affections Touching Across Time,7.6
4097,Dragon Quest: Your Story,6.8
4098,Urusei Yatsura: Only You,6.4
4099,Book of Shadows: Blair Witch 2,4.2
4100,Over the Top,6.3
4101,Bombshell,6.8
4102,Dino King: Journey to Fire Mountain,7.9
4103,Snitch,6.0
4104,Gorgeous,6.2
4105,American Refugee,6.7
4106,Starstruck,7.0
4107,Evolution,6.0
4108,Vertigo,8.2
4109,Titanic: 100 Years On,6.9
4110,The Diamond Arm,7.9
4111,The Thin Red Line,7.4
4112,Snowden,7.1
4113,Security,6.1
4114,Moontrap: Target Earth,4.6
4115,The Intruder,6.1
4116,The Last House on the Left,5.9
4117,Siren,6.0
4118,Unbroken,7.5
4119,The Water Horse,6.4
4120,Plan B,7.2
4121,Quo Vadis,7.1
4122,Ladyhawke,7.0
4123,Machete Kills,5.6
4124,Life of the Party,6.2
4125,The Haunting,5.4
4126,ASSEMBLED: The Making of Eternals,6.4
4127,Tarzan,5.7
4128,News of the World,7.0
4129,The Madagascar Penguins in a Christmas Caper,6.7
4130,Spaceballs,6.8
4131,Tulip Fever,6.5
4132,Blow,7.4
4133,Happy Death Day 2U,6.3
4134,Casablanca,8.2
4135,The Deer Hunter,8.0
4136,A Perfect Getaway,6.3
4137,Flight Crew,6.9
4138,A Cinderella Story: Once Upon a Song,6.4
4139,The Secret in Their Eyes,8.0
4140,Dredd,6.8
4141,There Will Be Blood,8.1
4142,The Lion Woman,6.9
4143,Uncharted: Eye of Indra,4.5
4144,Swordfish,6.2
4145,A.I. Artificial Intelligence,7.0
4146,The Ages of Lulu,6.4
4147,Pay It Forward,7.3
4148,Walled In,4.9
4149,Jarhead: Law of Return,6.5
4150,Frida,7.5
4151,Sheep & Wolves: Pig Deal,6.9
4152,Rear Window,8.4
4153,Mr. Osomatsu the Movie,7.6
4154,Dragon Rider,7.3
4155,Blast from the Past,6.7
4156,"I, Tonya",7.5
4157,Doraemon: Nobita's Great Adventure in the South Seas,6.7
4158,RED,6.7
4159,Your Lie in April,7.0
4160,Prime Time,5.0
4161,Farm to Fork to Love,6.0
4162,Nine 1/2 Weeks,6.1
4163,Wish Upon a Unicorn,7.2
4164,Birthday Sex,6.5
4165,It Takes Two,6.4
4166,Fearless Hyena,6.7
4167,Lost in Space,5.3
4168,Day of the Dead: Bloodline,4.6
4169,Unleashed,6.9
4170,Kursk,6.7
4171,King of Kings,7.0
4172,Silver Skates,7.8
4173,Every Which Way but Loose,6.2
4174,Yesterday,6.7
4175,Captive State,5.6
4176,S.W.A.T.: Firefight,5.7
4177,Delivery Man,6.2
4178,Good People,5.5
4179,Minions: Home Makeover,6.8
4180,Superman: Unbound,6.7
4181,Pokémon the Movie: White - Victini and Zekrom,6.6
4182,Coyote Ugly,6.3
4183,Eight Legged Freaks,5.7
4184,The Lizzie McGuire Movie,6.3
4185,The Pink Panther,5.8
4186,Sahara,5.9
4187,Leal,6.9
4188,Battle Royale,7.3
4189,For a Few Dollars More,8.0
4190,Trippin’ with the Kandasamys,7.1
4191,Paprika,7.8
4192,Goodnight Mommy,6.7
4193,"Lust, Caution",7.1
4194,Sinner: The Secret Diary of a Nymphomaniac,4.5
4195,Frozen,5.9
4196,Gabriel's Inferno Part III,8.6
4197,Rudolph the Red-Nosed Reindeer,7.3
4198,The Birds,7.5
4199,From Hell,6.7
4200,Women's Prison Massacre,4.3
4201,Suspiria,7.0
4202,The Pagemaster,6.4
4203,Besties,0.0
4204,Nappily Ever After,7.2
4205,Black Water,5.7
4206,Being John Malkovich,7.4
4207,The Monkey King 3,5.4
4208,Megamind: The Button of Doom,6.6
4209,Pushpa: The Rise - Part 1,7.7
4210,Melancholia,7.2
4211,Winnie the Pooh: Springtime with Roo,6.7
4212,Good on Paper,5.6
4213,Dracula: Dead and Loving It,6.0
4214,The Princess Switch: Switched Again,7.0
4215,Mirrors,6.2
4216,Dreamcatcher,5.5
4217,The Last of the Mohicans,7.4
4218,New Initial D the Movie - Legend 2: Racer,8.1
4219,True Story,6.3
4220,Secret Obsession,5.5
4221,How to Train Your Dragon: Snoggletog Log,6.6
4222,Pokémon: Mewtwo Returns,6.7
4223,See for Me,6.1
4224,Gintama the Movie: The Final Chapter - Be Forever Yorozuya,8.1
4225,Clash of the Titans,6.9
4226,The House That Jack Built,7.2
4227,Equilibrium,7.0
4228,Saul: The Journey to Damascus,5.6
4229,Triangle,6.9
4230,Enemy of the State,7.0
4231,Police Academy 2: Their First Assignment,6.0
4232,The Condemned 2,5.2
4233,Outbreak,6.5
4234,Where the Heart Is,7.1
4235,The Pink Panther,6.9
4236,Guns Akimbo,6.5
4237,The Post,7.0
4238,Hands of Stone,6.3
4239,Ghost in the Shell Arise - Border 3: Ghost Tears,6.8
4240,Secret Window,6.6
4241,School of Rock,7.1
4242,Tender Cousins,5.4
4243,Mirage,7.5
4244,Our Friend,7.2
4245,Blood-C: The Last Dark,7.1
4246,Scooby-Doo! & Batman: The Brave and the Bold,7.6
4247,Zero Dark Thirty,7.0
4248,Unhinged,6.4
4249,Yu-Gi-Oh! The Movie,6.0
4250,Pokémon: Lucario and the Mystery of Mew,6.9
4251,Phineas and Ferb: The Movie: Across the 2nd Dimension,6.9
4252,While You Were Sleeping,6.9
4253,In Full Bloom,7.0
4254,Gantz:O,7.3
4255,Kill Bill: The Whole Bloody Affair,8.0
4256,Cell,4.6
4257,Corpse Party,5.0
4258,Bastille Day,6.3
4259,Jamon Jamon,6.2
4260,Behaving Badly,5.3
4261,La campagne de France,0.0
4262,Paper Lives,8.2
4263,7 Guardians of the Tomb,5.5
4264,"I, Frankenstein",5.3
4265,mother!,7.0
4266,Kingmaker,6.4
4267,Nice Sister-In-Law,6.6
4268,Swallow,5.5
4269,Wild Things,6.3
4270,Moonlight,7.4
4271,Rick and Morty vs Genocider,3.5
4272,P.O. Box Tinto Brass,5.4
4273,Dragons Forever,7.1
4274,Belle's Magical World,6.2
4275,Vampire Hunter D: Bloodlust,7.6
4276,Interstate 60,7.3
4277,Snow White: A Tale of Terror,5.9
4278,Scars 2,8.4
4279,National Lampoon's Christmas Vacation,7.2
4280,The Cloverfield Paradox,5.6
4281,127 Hours,7.1
4282,Jackass 2.5,6.1
4283,Long Shot,6.7
4284,The Avengers,4.4
4285,Carlito's Way,7.8
4286,1408,6.7
4287,Portrait of a Lady on Fire,8.2
4288,The Last Exorcism,5.6
4289,The Butterfly Effect 3: Revelations,5.4
4290,Silent Night,6.5
4291,Charming,6.6
4292,Wolf Warrior,6.2
4293,LEGO DC Comics Super Heroes: Justice League - Gotham City Breakout,6.9
4294,Circle,6.0
4295,Lady of the Manor,6.5
4296,El Planeta,5.9
4297,Bowfinger,6.1
4298,KanColle Movie,4.8
4299,Wildling,5.5
4300,V/H/S,6.1
4301,Mystic River,7.7
4302,Messengers 2: The Scarecrow,5.3
4303,Alive,6.9
4304,L.O.R.D: Legend of Ravaging Dynasties,7.0
4305,Teen Beach 2,6.8
4306,Amy,7.6
4307,Tomorrow I Will Date With Yesterday's You,7.6
4308,The Space Between Us,7.1
4309,Escape from L.A.,5.9
4310,How It Ends,5.3
4311,My Night,0.0
4312,"My Teacher, My Obsession",4.9
4313,My Little Pony: Equestria Girls: Friendship Games,7.3
4314,All Ladies Do It,4.4
4315,Ferris Bueller's Day Off,7.7
4316,Gintama,6.7
4317,Midnight in Paris,7.5
4318,Graf Porno und seine Mädchen,6.6
4319,After We Leave,5.4
4320,Superwho?,6.0
4321,A Street Cat Named Bob,7.9
4322,Are We There Yet?,5.6
4323,The Wolf's Call,7.6
4324,Redcon-1,5.6
4325,Balkan Line,7.7
4326,Automata,5.8
4327,The Rescuers,6.7
4328,Bean,6.4
4329,The Christmas Chronicles,7.1
4330,Roman Holiday,7.9
4331,The Guns of Navarone,7.4
4332,Nosferatu the Vampyre,7.4
4333,Siklo,4.0
4334,Halloween: The Curse of Michael Myers,5.2
4335,Whiteout,5.5
4336,Abigail,6.2
4337,Dragon Ball: The Magic Begins,4.0
4338,End of Days,6.0
4339,The Butterfly Effect 2,4.9
4340,Soy Luna: The Last Concert,8.1
4341,Survivor,5.6
4342,Dracula Untold,6.4
4343,The Layover,5.3
4344,Emma.,7.1
4345,The Great Dictator,8.4
4346,You Are the Apple of My Eye,5.4
4347,Black Panther: Wakanda Forever,0.0
4348,Something Borrowed,6.3
4349,Poltergeist II: The Other Side,6.0
4350,Lupin the Third vs. Detective Conan: The Movie,6.8
4351,Dororo,7.0
4352,Tusk,5.4
4353,"Oh, Ramona!",5.7
4354,Sherlock Gnomes,5.6
4355,Obsessed,6.8
4356,Avengement,6.8
4357,Towa no Quon 1: The Ephemeral Petals,6.3
4358,Shut In,5.4
4359,Singin' in the Rain,8.2
4360,Before the Flood,7.7
4361,Survival Island,5.1
4362,Scent of a Woman,7.7
4363,Ghostheads,5.9
4364,Young Adult,5.7
4365,Monster Hunt 2,6.8
4366,Serenity,5.4
4367,The Lives of Others,8.1
4368,"Madrid, 1987",6.3
4369,Pelé,7.5
4370,Yummy,6.4
4371,The Amityville Horror,6.3
4372,Wer,6.3
4373,Dante's Peak,6.1
4374,Police Academy 4: Citizens on Patrol,5.4
4375,From Dusk Till Dawn 2: Texas Blood Money,4.6
4376,Tango & Cash,6.4
4377,Vacancy 2: The First Cut,5.3
4378,Vivarium,6.0
4379,Arena,5.3
4380,Unforgiven,7.9
4381,Fidelity,7.0
4382,She's the Man,6.8
4383,Bring It On,6.2
4384,House of 1000 Corpses,6.2
4385,Vicky Cristina Barcelona,6.8
4386,The Medallion,5.6
4387,The Boss: Anatomy of a Crime,7.9
4388,Daddy's Perfect Little Girl,6.0
4389,The Man in the Iron Mask,6.6
4390,Kill Switch,4.8
4391,The Superdeep,6.3
4392,Ozzy,6.0
4393,The Jungle Book 2,5.9
4394,The Cokeville Miracle,7.0
4395,Bulletproof Monk,5.5
4396,Covet: Island of Desire,4.5
4397,National Lampoon's Van Wilder,6.0
4398,Fist of the North Star: Legend of Raoh - Chapter of Fierce Fight,6.5
4399,Around the World in 80 Days,5.9
4400,Diary of a Mad Black Woman,6.5
4401,Operation Condor,7.4
4402,47 Ronin,6.1
4403,Barbershop: The Next Cut,6.3
4404,Open Season 2,5.8
4405,Sky of Love,7.9
4406,Project Power,6.6
4407,Illang: The Wolf Brigade,6.4
4408,G.I. Jane,6.4
4409,Pandora,7.5
4410,The Kid Who Would Be King,6.1
4411,A Little Princess,7.6
4412,Clear and Present Danger,6.6
4413,Alien Warfare,4.1
4414,Dragon: The Bruce Lee Story,6.9
4415,Doomsday,5.9
4416,Four Good Days,7.0
4417,Behind the Trees,5.6
4418,Falcon Rising,6.2
4419,Convoy,6.4
4420,The Decameron,7.0
4421,The Silence,6.0
4422,The Counselor,5.2
4423,Heist,6.1
4424,Heathers,7.3
4425,Tolkien,7.0
4426,Hell or High Water,7.3
4427,Footloose,6.6
4428,The Cable Guy,5.9
4429,Dracula 2000,5.1
4430,Asterix: The Secret of the Magic Potion,6.9
4431,Charlotte's Web,6.2
4432,I Give It a Year,5.5
4433,Trick 'r Treat,6.9
4434,The Family,6.4
4435,A Time to Kill,7.4
4436,Catch.44,5.1
4437,Crimson Tide,7.2
4438,Mortal,6.5
4439,Big Brother,7.7
4440,The Witches,6.9
4441,Meet the Fockers,6.2
4442,Soy Libre,0.0
4443,Vampires Suck,4.2
4444,Procession,6.1
4445,The Immortal,6.7
4446,I'll Always Know What You Did Last Summer,4.2
4447,The Pyramid,5.2
4448,Manchester by the Sea,7.5
4449,The Haunted,6.7
4450,The Poison Rose,4.5
4451,Walk of Shame,5.9
4452,Nowhere to Run,6.2
4453,Escape from Sobibor,7.3
4454,Caligula,5.8
4455,Tom and Jerry: Willy Wonka and the Chocolate Factory,6.8
4456,The Man Who Invented Christmas,6.8
4457,Pokémon 4Ever: Celebi - Voice of the Forest,6.4
4458,Knocked Up,6.2
4459,Venom,5.5
4460,Theo and the Metamorphosis,0.0
4461,BlacKkKlansman,7.6
4462,Tau,6.2
4463,Brawl in Cell Block 99,7.0
4464,G-Force,5.4
4465,Looney Tunes: Back in Action,6.4
4466,Alien Abduction,5.7
4467,Absolutely Anything,5.8
4468,Monster High: Scaris City of Frights,7.5
4469,The Knight of Shadows: Between Yin and Yang,5.5
4470,Robin Hood: Men in Tights,6.6
4471,Barbie: A Perfect Christmas,6.7
4472,6 Below: Miracle on the Mountain,5.8
4473,Promise at Dawn,7.4
4474,Fool's Gold,5.7
4475,Judas and the Black Messiah,7.4
4476,Superhero Movie,5.2
4477,The November Man,6.1
4478,The Other Woman,6.2
4479,The Hard Way,5.4
4480,A Guide to Love and Fighting Capitalism,0.0
4481,Pig,6.7
4482,Unfinished Business,5.4
4483,Bad Times at the El Royale,6.8
4484,Happiest Season,7.4
4485,The Wedding Date,6.8
4486,Afternoon Delight,5.8
4487,Casualties of War,7.1
4488,The Anomaly,4.9
4489,The Time Machine,6.2
4490,S.W.A.T.,7.5
4491,The Strangers: Prey at Night,5.6
4492,Winchester,5.9
4493,Hakuouki: Wild Dance of Kyoto,6.2
4494,Labyrinth,7.3
4495,Girl with a Pearl Earring,6.6
4496,Assassination,7.4
4497,Possession,7.3
4498,The Forest,5.2
4499,The Waterboy,6.0
4500,Speed 2: Cruise Control,4.5
4501,Hide and Seek,6.4
4502,Amadeus,8.0
4503,Ninja Scroll,7.7
4504,Horns,6.3
4505,Cooties,5.9
4506,Revenger,5.3
4507,Ben 10 Generator Rex Heroes United,6.5
4508,Body Heat,7.1
4509,The Uninvited,6.5
4510,Scooby-Doo! and the Loch Ness Monster,7.4
4511,Leviathan,7.4
4512,Ip Man: Kung Fu Master,7.0
4513,Ride Along,6.2
4514,Little Women,7.3
4515,The Seventh Sign,6.1
4516,Blackway,5.2
4517,Remember Me,7.1
4518,Madea's Family Reunion,6.3
4519,Day of the Woman,5.9
4520,Backtrace,5.4
4521,Finally a clash! Jōnin vs. Genin!! Indiscriminate Grand Melee Tournament Meeting!!,5.1
4522,The Discovery,6.3
4523,She's Out of My League,6.3
4524,Herbie Rides Again,6.1
4525,True Romance,7.5
4526,Thelma,6.9
4527,Zombeavers,4.9
4528,American Outlaws,5.9
4529,Sisters,6.0
4530,L.A. Confidential,7.8
4531,Lara Croft: Tomb Raider - The Cradle of Life,5.7
4532,12 Mighty Orphans,7.8
4533,Collateral Damage,5.7
4534,Blue Jasmine,7.0
4535,Project A,7.3
4536,Toriko 3D Movie: Kaimaku! Gourmet Adventure!!,5.6
4537,Sleepers,7.6
4538,The Sum of All Fears,6.3
4539,Second Act,6.4
4540,100 Girls,5.8
4541,Bully,6.7
4542,Gatchaman,4.9
4543,Extraction,4.6
4544,Stuber,6.7
4545,Wasabi,6.6
4546,BTS PERMISSION TO DANCE ON STAGE - SEOUL: LIVE VIEWING,0.0
4547,They Live,7.3
4548,Pokémon: Jirachi Wish Maker,6.5
4549,The Ninth Gate,6.4
4550,Stargirl,7.6
4551,A Fistful of Dollars,7.9
4552,Assassination Classroom,7.3
4553,Airplane!,7.3
4554,Always Watching: A Marble Hornets Story,5.1
4555,Tremors 3: Back to Perfection,5.8
4556,Before I Wake,6.4
4557,Zambezia,6.0
4558,Big,7.1
4559,Superman II,6.7
4560,"10,000 Days",2.8
4561,An Extremely Goofy Movie,6.3
4562,Pokémon the Movie: Kyurem vs. the Sword of Justice,6.3
4563,Vampire Academy,6.3
4564,Imperium,6.4
4565,Once Upon a Time in Venice,5.2
4566,Robin-B-Hood,7.0
4567,Homeward Bound II: Lost in San Francisco,6.5
4568,A Streetcar Named Desire,7.7
4569,What Dreams May Come,7.2
4570,Four Weddings and a Funeral,6.8
4571,The 300 Spartans,6.3
4572,Riders of Justice,7.2
4573,Troll Hunter,6.7
4574,Zombie Strippers!,4.8
4575,SuperFly,6.8
4576,Perfect Blue,8.3
4577,Elf,6.7
4578,Bad Santa 2,5.3
4579,Inuyasha the Movie 4: Fire on the Mystic Island,7.7
4580,The Invincible Iron Man,6.2
4581,Bergen,0.0
4582,Ghost in the Shell 2.0,7.5
4583,The NeverEnding Story II: The Next Chapter,5.7
4584,Kung Fu Panda: Secrets of the Furious Five,6.7
4585,Paranormal Activity 2,5.8
4586,Meskina,6.3
4587,City Hunter,6.5
4588,Paper Towns,6.1
4589,Jimmy Neutron: Boy Genius,5.9
4590,Cook Up a Storm,7.5
4591,The Secret Life of Pets,6.2
4592,The Giver,6.5
4593,Batman Beyond: The Movie,7.4
4594,Isn't It Romantic,6.2
4595,Batman Ninja,5.8
4596,True Grit,7.5
4597,Tales of Vesperia: The First Strike,6.3
4598,"Monster High: Boo York, Boo York",7.6
4599,Just Like Heaven,6.9
4600,The 13th Warrior,6.6
4601,Mortdecai,5.5
4602,The Dukes of Hazzard: The Beginning,6.2
4603,A Goofy Movie,6.9
4604,"Angus, Thongs and Perfect Snogging",6.4
4605,Just Before I Go,6.5
4606,Immortals,5.9
4607,I Am Mother,6.7
4608,Conan the Destroyer,6.1
4609,Black Book,7.5
4610,A Most Violent Year,6.6
4611,The Machinist,7.5
4612,A Dark Truth,5.6
4613,Borat Subsequent Moviefilm,6.5
4614,Where Eagles Dare,7.6
4615,The School Teacher,5.2
4616,Little Monsters,5.8
4617,Mary and The Witch's Flower,7.1
4618,Mobile Suit Gundam I,6.8
4619,Legends of Oz: Dorothy's Return,6.1
4620,Return to Jurassic Park,6.8
4621,Afro Samurai: Resurrection,6.9
4622,Barbie & Her Sisters in a Puppy Chase,6.9
4623,The Graduate,7.7
4624,The Boy Next Door,4.8
4625,Sympathy for Lady Vengeance,7.5
4626,Ratchet & Clank,5.8
4627,Breakfast at Tiffany's,7.7
4628,Practical Magic,6.7
4629,Good Kids,6.4
4630,Babe,6.2
4631,Menace II Society,7.5
4632,Hours,6.7
4633,Wendy Wu: Homecoming Warrior,6.1
4634,Khumba,6.0
4635,Jarhead 3: The Siege,6.4
4636,Italian Spiderman,7.1
4637,Animal World,7.3
4638,Tom and Jerry: The Movie,6.3
4639,The Wild Thornberrys Movie,6.5
4640,The Dead Pool,6.3
4641,After the Sunset,6.1
4642,Echo Boomers,5.7
4643,In Your Eyes,7.2
4644,There's Something About Mario,5.8
4645,Mater,6.2
4646,Extinction,6.2
4647,Street Fighter,4.5
4648,Stuck in Love,7.4
4649,Beautiful Creatures,6.0
4650,Anchorman 2: The Legend Continues,6.1
4651,Mother's Job,4.7
4652,1922,5.9
4653,Tangled: Before Ever After,6.8
4654,Cradle 2 the Grave,6.1
4655,Mune: Guardian of the Moon,7.3
4656,How to Make Love to a Woman,4.4
4657,Melissa P.,4.3
4658,The Warriors,7.7
4659,I Kill Giants,6.2
4660,Journey to the Center of the Earth,7.0
4661,Vice,4.4
4662,A Turtle's Tale: Sammy's Adventures,5.9
4663,The Key,5.9
4664,The Legend of the Chupacabras,7.2
4665,Valkyrie,6.9
4666,Ice Soldiers,5.3
4667,Killing Cabos,7.9
4668,The Saint,5.3
4669,World's Greatest Dad,6.5
4670,Pokémon: Zoroark - Master of Illusions,6.6
4671,Paranormal Movie,4.1
4672,"Ed, Edd n Eddy's Big Picture Show",7.2
4673,Rosario Tijeras,6.1
4674,End of Watch,7.3
4675,Bridesmaids,6.5
4676,Psychokinesis,6.2
4677,Lucky Number Slevin,7.5
4678,Collateral,7.2
4679,The Goldfinch,7.2
4680,Mary Queen of Scots,6.6
4681,Ravenous,5.9
4682,Hey Arnold! The Jungle Movie,7.6
4683,Outlaw King,6.8
4684,"Extremely Wicked, Shockingly Evil and Vile",7.0
4685,Gully,4.7
4686,"No Retreat, No Surrender",6.2
4687,Fallen Angels,7.7
4688,Hairspray,6.7
4689,The Bridge on the River Kwai,7.8
4690,Beverly Hills Cop,7.2
4691,Bigfoot Family,7.1
4692,Filth,6.9
4693,COVID-21: Lethal Virus,5.5
4694,The Dukes of Hazzard,5.5
4695,Cruel Intentions 3,4.7
4696,Deliver Us from Evil,6.2
4697,Cutthroat Island,5.7
4698,Blank Check,5.8
4699,Casino Royale,5.4
4700,Color Out of Space,6.0
4701,Deadly Illusions,5.0
4702,Replicas,6.1
4703,Great Expectations,7.3
4704,Breathe,7.4
4705,The Great Hack,6.8
4706,The Vatican Tapes,5.2
4707,ReLIFE,7.8
4708,A Dark Place,6.0
4709,Ghost Dog: The Way of the Samurai,7.3
4710,Hop,5.7
4711,Blade of the Immortal,6.5
4712,Flags of Our Fathers,6.8
4713,Yogi Bear,5.6
4714,Megan Is Missing,6.3
4715,The Secret of Kells,7.4
4716,Corazón ardiente,0.0
4717,Happy Gilmore,6.6
4718,Last Man,0.0
4719,My Bloody Valentine,5.5
4720,Detachment,7.6
4721,Barbie: Star Light Adventure,7.1
4722,Once Upon a Time in Mexico,6.3
4723,Les Misérables,7.3
4724,My Boyfriend's Meds,7.1
4725,Journey to the West: Conquering the Demons,7.0
4726,The Road,7.0
4727,Amityville II: The Possession,5.8
4728,Errementari: The Blacksmith and the Devil,6.4
4729,Beastly,6.3
4730,The Secret Scripture,7.3
4731,We're Back! A Dinosaur's Story,6.0
4732,Small Soldiers,6.5
4733,Darkness Falls,5.5
4734,Combat Wombat,6.9
4735,Legend,6.3
4736,The Wedding Planner,5.9
4737,Serenity,7.4
4738,The Tale of Despereaux,6.0
4739,Doraemon: Nobita's Treasure Island,7.0
4740,The Beautician and the Beast,6.8
4741,V.C. Andrews' Pearl in the Mist,7.3
4742,IO,4.9
4743,The Tuxedo,5.7
4744,Blood Ties,6.1
4745,Police Academy 5: Assignment Miami Beach,5.1
4746,Soul Plane,5.2
4747,Bridge of Spies,7.2
4748,Hellbound: Hellraiser II,6.3
4749,Suffragette,7.3
4750,Jexi,6.9
4751,Donnie Brasco,7.5
4752,iBoy,6.0
4753,Closed Circuit,5.9
4754,The Entity,6.6
4755,My Best Friend Anne Frank,6.5
4756,The Sandlot,7.5
4757,The Holiday,7.1
4758,Happily N'Ever After,4.9
4759,The Last Emperor,7.6
4760,Stasis,3.5
4761,The Boxtrolls,6.7
4762,Deliverance,7.3
4763,RoboCop 3,4.7
4764,Forgetting Sarah Marshall,6.5
4765,Wolf Warrior 2,6.7
4766,"Game Over, Man!",5.5
4767,Day of the Dead,5.2
4768,Children of Men,7.6
4769,Gerald's Game,6.4
4770,The Lincoln Lawyer,7.2
4771,The Untouchables,7.8
4772,The Girl Next Door,6.7
4773,The Tin Drum,7.0
4774,Arpeggio of Blue Steel -Ars Nova Cadenza-,7.6
4775,Starship Troopers: Traitor of Mars,5.9
4776,How High,6.3
4777,The Nutty Professor,5.6
4778,The Dry,6.8
4779,The King's Speech,7.7
4780,Ewoks: The Battle for Endor,5.3
4781,El Paseo 5: El Paseo de Oficina,7.9
4782,Zoolander 2,4.8
4783,Sierra Burgess Is a Loser,6.4
4784,Hollow Man,5.9
4785,The Four of Us,5.7
4786,Inuyasha the Movie 2: The Castle Beyond the Looking Glass,7.6
4787,Willow,7.0
4788,The Colony,5.7
4789,The Book of Henry,7.5
4790,As Good as It Gets,7.4
4791,Serendipity,6.8
4792,Only Yesterday,7.3
4793,A Cop Movie,7.3
4794,The Emperor of Paris,6.4
4795,Moneyball,7.2
4796,Run All Night,6.4
4797,X,0.0
4798,Money Monster,6.4
4799,Crystal Lake Memories: The Complete History of Friday the 13th,7.9
4800,Stop,4.0
4801,Max 2: White House Hero,7.2
4802,Never Say Never Again,6.0
4803,Sixteen Candles,6.8
4804,Jackass Presents: Bad Grandpa .5,5.9
4805,Time of EVE: The Movie,7.3
4806,Monster High: Why Do Ghouls Fall in Love?,7.9
4807,Porky's,6.4
4808,The Exception,6.9
4809,Bad Genius,8.0
4810,Balto,7.3
4811,DragonHeart,6.6
4812,Arlo the Alligator Boy,6.8
4813,Kickboxer: Vengeance,5.0
4814,Angels of Sex,6.5
4815,Dear John,6.9
4816,Van Wilder: Freshman Year,5.4
4817,Inferno,6.1
4818,Escape from New York,7.1
4819,Taxi,6.6
4820,Monster High: Great Scarrier Reef,7.7
4821,Say 'I Love You',7.0
4822,The Monkey King 2,5.8
4823,When Harry Met Sally...,7.4
4824,My Mother the State,0.0
4825,Star Trek: The Motion Picture,6.5
4826,The Last Legion,5.6
4827,Ma mère,4.5
4828,Sliver,5.4
4829,The Happytime Murders,5.7
4830,Mr. Nice Guy,6.5
4831,John Q,7.2
4832,Power/Rangers,7.1
4833,Mushi-Shi: The Next Chapter - Drops of Bells,8.5
4834,Mickey's Magical Christmas: Snowed in at the House of Mouse,7.0
4835,SlugTerra: Return of the Elementals,6.4
4836,The Last Summer,6.0
4837,When a Stranger Calls,5.7
4838,Becoming A Black Woman,0.0
4839,Waiting...,6.3
4840,Passenger 57,5.9
4841,Things Heard & Seen,5.8
4842,Fullmetal Alchemist the Movie: The Sacred Star of Milos,7.0
4843,The Love Witch,6.3
4844,The Dressmaker,7.0
4845,Skyfire,6.6
4846,Fist of the North Star: Legend of Raoh - Chapter of Death in Love,6.7
4847,Death Warrant,6.2
4848,Term Life,5.9
4849,Hostage,6.3
4850,Black Mask,6.1
4851,Gandhi,7.5
4852,We Are Like Waves,0.0
4853,Rim of the World,6.0
4854,Puss in Book: Trapped in an Epic Tale,6.5
4855,The Love Bug,6.5
4856,Notting Hill,7.2
4857,Dragon Nest: Warriors' Dawn,7.7
4858,Déjà Vu,6.8
4859,Jaws 3-D,4.4
4860,Doraemon: Nobita's Dorabian Nights,7.1
4861,The Kingdom,6.7
4862,The Poughkeepsie Tapes,6.6
4863,Nice Sister-In-Law 3,0.0
4864,Anne of Green Gables,8.1
4865,Twin Dragons,6.6
4866,Harold & Kumar Escape from Guantanamo Bay,6.2
4867,Julia X,5.0
4868,JFK,7.6
4869,10x10,5.3
4870,A Bridge Too Far,7.2
4871,Bandidas,6.0
4872,Like a Boss,6.4
4873,Close Encounters of the Third Kind,7.4
4874,Red Rocket,6.8
4875,Bridget Jones's Baby,6.4
4876,Ghost Team One,5.4
4877,Barbie in Princess Power,6.3
4878,Colette,7.0
4879,Bleach,6.6
4880,Billy Lynn's Long Halftime Walk,6.0
4881,Le Chef,6.1
4882,Wheels on Meals,7.0
4883,Dr. Dolittle 2,5.3
4884,Centurion,6.2
4885,Harakiri,8.4
4886,Stowaway,5.9
4887,Supergirl,5.5
4888,Another Gantz,7.3
4889,Pokémon: Destiny Deoxys,6.5
4890,Detective Dee and the Mystery of the Phantom Flame,6.6
4891,Bad Sister,6.8
4892,Nurse 3-D,5.3
4893,Star Trek: Nemesis,6.3
4894,The Drug King,6.2
4895,Closer,6.8
4896,Super Mario Bros.,4.2
4897,Death Wish II,6.2
4898,Premonition,6.3
4899,Serial (Bad) Weddings,6.7
4900,I Spy,5.4
4901,Inside Man: Most Wanted,6.7
4902,The Knight Before Christmas,6.5
4903,The Tree of Life,6.7
4904,"One Piece ""3D2Y"": Overcome Ace's Death! Luffy's Vow to his Friends",7.4
4905,Confessions of a Teenage Drama Queen,5.6
4906,Get Smart,6.2
4907,Operation Finale,6.7
4908,Touch of Evil,7.8
4909,My Little Pony: Equestria Girls,7.3
4910,Room,8.1
4911,Duck Duck Goose,6.2
4912,"Hail, Caesar!",5.9
4913,Non-Stop,6.8
4914,Dragon Ball: Goku's Traffic Safety,6.7
4915,The World's Fastest Indian,7.6
4916,American Ninja,5.9
4917,The Forest of Love,6.6
4918,Blair Witch,5.2
4919,Metropolis,7.1
4920,The Land Before Time,7.1
4921,The Eyes of Tammy Faye,6.6
4922,Hooking Up,6.6
4923,Seven Pounds,7.6
4924,G-Zombie,4.8
4925,Elite Squad: The Enemy Within,7.8
4926,Titan A.E.,6.6
4927,The Nut Job,5.7
4928,That Which Does Not Kill,0.0
4929,Stomp the Yard 2: Homecoming,5.4
4930,Halloween H20: 20 Years Later,6.0
4931,The Hot Spot,6.3
4932,The Quick and the Dead,6.5
4933,The Spirit,4.7
4934,Children of the Corn II: The Final Sacrifice,4.7
4935,The Darkest Hour,5.3
4936,Squared Love,6.1
4937,Dangerous Minds,6.9
4938,Arthur 3: The War of the Two Worlds,5.8
4939,Surf's Up 2: WaveMania,6.3
4940,Scooby-Doo! Stage Fright,7.8
4941,Perdida,6.3
4942,Green Snake,8.7
4943,Palm Springs,7.3
4944,A United Kingdom,6.7
4945,Inheritance,6.4
4946,Under Siege 2: Dark Territory,5.7
4947,Goal!,6.7
4948,Agent Cody Banks,5.4
4949,All Star Superman,7.0
4950,American Animals,6.8
4951,Hang 'em High,6.8
4952,My Little Pony: Equestria Girls - Legend of Everfree,7.4
4953,George of the Jungle,5.6
4954,Outsiders,0.0
4955,Capernaum,8.2
4956,Shaun the Sheep Movie,7.0
4957,Big Trouble in Little China,7.2
4958,18 Year Old Virgin,3.8
4959,Doraemon: Nobita and the Spiral City,7.0
4960,Splash,6.3
4961,The Scorpion King 2: Rise of a Warrior,4.6
4962,21 & Over,5.8
4963,The Art of Getting By,6.6
4964,Sleepless in Seattle,6.7
4965,The Twelve Tasks of Asterix,7.4
4966,Aliens in the Attic,5.6
4967,The Admiral: Roaring Currents,7.1
4968,Universal Soldier: The Return,5.5
4969,Soldier,6.3
4970,Kung Fu Panda Holiday,6.9
4971,Irreplaceable You,7.0
4972,Final: The Rapture,4.0
4973,The Bye Bye Man,5.2
4974,Little Italy,6.8
4975,Shark Attack 3: Megalodon,4.3
4976,"O Brother, Where Art Thou?",7.3
4977,Sea Fever,6.4
4978,Anthropoid,7.1
4979,Valiant,5.5
4980,The Wave,7.5
4981,LEGO DC Comics Super Heroes: Justice League vs. Bizarro League,6.7
4982,The Woods,5.7
4983,The Master,7.2
4984,Doctor Zhivago,7.6
4985,The Walking Deceased,5.4
4986,The Last Exorcism Part II,4.7
4987,Twins,6.0
4988,Shattered,6.4
4989,Village of the Damned,6.0
4990,The Good Shepherd,6.3
4991,Scooby-Doo! Legend of the Phantosaur,7.9
4992,Savage Dog,5.3
4993,Boo! A Madea Halloween,5.7
4994,Fast & Furious,6.7
4995,Godzilla: City on the Edge of Battle,6.5
4996,Summer of 84,6.8
4997,We Bought a Zoo,6.7
4998,Cool Runnings,7.0
4999,Mimic,6.0
5000,"Honey, I Blew Up the Kid",5.2
5001,Minuscule 2: Mandibles from Far Away,7.0
5002,Bound,7.1
5003,First Strike,6.4
5004,Coherence,7.3
5005,Sailor Moon R: The Movie,7.9
5006,Seven Years in Tibet,7.2
5007,Churchill,6.1
5008,"Strip Down, Rise Up",7.1
5009,How the Grinch Stole Christmas!,7.5
5010,Trust,6.8
5011,Cottage Country,5.3
5012,Marrowbone,7.2
5013,Once Upon a Time in China II,7.2
5014,Kung Fu Panda: Secrets of the Scroll,6.8
5015,American Traitor: The Trial of Axis Sally,5.8
5016,The Jackal,6.3
5017,Point Break,7.1
5018,Naked,7.4
5019,The Crucifixion,5.6
5020,Just Wright,6.3
5021,Teenage Mutant Ninja Turtles II: The Secret of the Ooze,6.1
5022,Out of Africa,7.2
5023,Tremors 4: The Legend Begins,5.5
5024,Clue,7.2
5025,Balto II: Wolf Quest,6.3
5026,The Green Hornet,5.5
5027,Ouija House,5.5
5028,Detective Conan: Dimensional Sniper,7.0
5029,Addams Family Reunion,4.6
5030,The Infiltrator,6.6
5031,Tremors: Shrieker Island,6.5
5032,Stretch,6.1
5033,Taxi 3,5.7
5034,Take Me Home Tonight,6.0
5035,The Peanut Butter Falcon,7.4
5036,Mower Minions,6.6
5037,MILF,5.9
5038,Extortion,6.1
5039,Free State of Jones,6.7
5040,Ginger Snaps,6.8
5041,Rosemary's Baby,7.8
5042,Gretel & Hansel,6.0
5043,Joe Dirt,5.5
5044,The White Tiger,6.9
5045,Graveyard Shift,5.2
5046,Contact,7.4
5047,To Rome with Love,5.8
5048,I'm a Porn Star: Gay 4 Pay,7.6
5049,North by Northwest,8.0
5050,Once Upon a Time: The Super Heroes,5.8
5051,The War of the Worlds,6.9
5052,Daybreakers,6.3
5053,Heartbreak Ridge,6.8
5054,Panic Room,6.7
5055,Maya the Bee Movie,6.2
5056,Scooby-Doo! and the Curse of the 13th Ghost,8.0
5057,Manhattan,7.8
5058,Jesus Christ Superstar,7.1
5059,Borat: Cultural Learnings of America for Make Benefit Glorious Nation of Kazakhstan,6.7
5060,The Paramedic,6.1
5061,Flee,8.1
5062,King Kong Lives,5.3
5063,Anacondas: Trail of Blood,4.8
5064,The Car: Road to Revenge,6.5
5065,Beautiful Boy,7.5
5066,2001 Maniacs,5.3
5067,Paradise Hills,6.0
5068,Awakening the Zodiac,5.1
5069,Office Christmas Party,5.6
5070,Harley Davidson and the Marlboro Man,6.3
5071,Phantom Thread,7.3
5072,Minuscule: Valley of the Lost Ants,6.9
5073,Red Dog,7.2
5074,Rock Dog,6.1
5075,Antichrist,6.7
5076,Land of the Lost,5.4
5077,Offering to the Storm,6.5
5078,Secrets of the Saqqara Tomb,7.4
5079,"Ni tuyo, Ni mía",8.9
5080,The Beach House,5.6
5081,The Vanishing,5.6
5082,Morgan,5.8
5083,La Femme Nikita,7.1
5084,Settlers,4.6
5085,Fireheart,6.7
5086,Pokémon the Movie: Diancie and the Cocoon of Destruction,6.4
5087,Flash Point,6.9
5088,Elvis,0.0
5089,Killer Klowns from Outer Space,6.4
5090,Just Mercy,8.0
5091,The Taking of Pelham 1 2 3,6.3
5092,Inspector Gadget,4.4
5093,Sleepwalkers,5.9
5094,Austin Powers in Goldmember,6.0
5095,The Last Thing He Wanted,4.9
5096,Pelé: Birth of a Legend,7.4
5097,Deep,6.0
5098,Carol,7.5
5099,Urusei Yatsura: Always My Darling,5.7
5100,Stalingrad,7.3
5101,Inherit the Wind,7.8
5102,Phone Booth,6.8
5103,Dragons: Rescue Riders: Huttsgalor Holiday,5.5
5104,Ichi the Killer,7.1
5105,Winx Club: The Secret of the Lost Kingdom,6.9
5106,Road to Perdition,7.4
5107,Constantine: The House of Mystery,0.0
5108,2 Hearts,7.7
5109,The Cell,6.3
5110,Marvel's Behind the Mask,7.6
5111,Asking For It,6.0
5112,The Three Caballeros,6.4
5113,Tokyo Revengers,8.0
5114,Escape from the Planet of the Apes,6.3
5115,The Bribe of Heaven,6.9
5116,Ophelia,7.3
5117,Layer Cake,7.0
5118,Home Again,6.1
5119,Residente,6.8
5120,Crash,6.5
5121,Thumbelina,6.5
5122,Dark Water,5.5
5123,Howl,5.4
5124,Barb Wire,4.0
5125,Hunt for the Wilderpeople,7.7
5126,The Faculty,6.5
5127,Bingo,5.0
5128,Death Race 2050,4.2
5129,Made of Honor,6.4
5130,Timeline,5.7
5131,Sleeping with Other People,6.3
5132,Sexy Comedy,5.2
5133,Behind Enemy Lines,6.3
5134,Hugas,5.8
5135,The Woman in Red,6.2
5136,Neppuu Kairiku Bushi Road,6.5
5137,Cargo,6.4
5138,Acts of Violence,5.7
5139,Cobain: Montage of Heck,7.8
5140,French Exit,5.8
5141,Days of Thunder,6.3
5142,James and the Giant Peach,6.5
5143,Wag the Dog,7.0
5144,Flight of the Navigator,6.9
5145,Snatched,5.4
5146,Just Short of Perfect,6.3
5147,Wind Chill,5.8
5148,Marie Antoinette,6.6
5149,Come Play,6.3
5150,The Parent Trap,7.1
5151,The Best of Me,7.5
5152,It's Only the End of the World,7.2
5153,Grease 2,5.1
5154,Mortadelo and Filemon: Mission Implausible,6.5
5155,The Greatest Story Ever Told,6.4
5156,Return to Sender,5.9
5157,Daphne & Velma,6.4
5158,Jerry Maguire,6.9
5159,High Life,5.8
5160,Sleep Tight,7.1
5161,Vampire Hunter D,6.6
5162,Creation,6.4
5163,Shanghai Knights,6.1
5164,Operation Red Sea,6.9
5165,Burying the Ex,5.5
5166,High Strung,7.1
5167,Miss Bala,6.4
5168,A Perfect World,7.5
5169,Mona Lisa Smile,6.9
5170,St. Agatha,5.7
5171,Vegas Vacation,6.1
5172,A Walk in the Clouds,7.2
5173,Porno Baby,5.6
5174,Dead Again in Tombstone,5.0
5175,Full Speed,5.9
5176,The Apostle,6.4
5177,Wild Orchid,5.3
5178,Lying and Stealing,6.0
5179,End of a Gun,4.9
5180,Casper's Scare School,5.1
5181,Beverly Hills Ninja,5.6
5182,Entourage,6.2
5183,Elephant,7.1
5184,Hawaiian Vacation,7.0
5185,Pola X,5.7
5186,All I See Is You,5.1
5187,No Half Measures: Creating the Final Season of Breaking Bad,8.5
5188,New Initial D the Movie - Legend 1: Awakening,8.3
5189,The Trial of the Chicago 7,7.8
5190,Brooklyn,7.3
5191,Hotel Mumbai,7.6
5192,Too Handsome To Handle,6.6
5193,Pokémon the Movie: Genesect and the Legend Awakened,6.5
5194,Office Space,7.4
5195,A Fall from Grace,7.1
5196,Kaamelott: The First Chapter,7.1
5197,I Saw the Devil,7.8
5198,The Man Who Knew Infinity,7.2
5199,The Dyatlov Pass Incident,5.8
5200,Tiffany + Chucky,8.5
5201,Last Tango in Paris,7.0
5202,Midway,6.6
5203,A Trash Truck Christmas,6.6
5204,4x4,6.4
5205,Justin and the Knights of Valour,5.9
5206,Jane Got a Gun,5.8
5207,Close to the Horizon,8.0
5208,Taxi 5,5.6
5209,The Witches of Eastwick,6.5
5210,Hanna,6.6
5211,Star Trek IV: The Voyage Home,7.2
5212,LEGO Marvel Spider-Man: Vexed by Venom,7.5
5213,Escape From Alcatraz,7.5
5214,The Big Sick,7.4
5215,Dumb and Dumberer: When Harry Met Lloyd,4.1
5216,Between Worlds,5.2
5217,The English Patient,7.2
5218,National Security,5.9
5219,"Crouching Tiger, Hidden Dragon: Sword of Destiny",6.1
5220,How to Lose a Guy in 10 Days,6.7
5221,The Princess Bride,7.7
5222,Curious George 2: Follow That Monkey!,6.6
5223,Hostile,5.7
5224,Max Payne,5.3
5225,Don't Knock Twice,5.5
5226,Extraterrestrial,5.5
5227,Bad Samaritan,6.8
5228,Thelma & Louise,7.6
5229,The Prodigy,6.2
5230,Captain America,4.7
5231,Baise-moi,4.3
5232,Slither,6.5
5233,UFO,7.0
5234,The Witch: Part 1. The Subversion,7.6
5235,The Rookie,5.9
5236,The Girl on the Train,5.8
5237,Early Man,6.1
5238,Bruce Lee: A Warrior's Journey,7.5
5239,The Lake House,6.9
5240,Only You,6.8
5241,Handsome Devil,7.1
5242,My Spy,6.9
5243,Draug,5.3
5244,Crime Busters,6.9
5245,The Cave,5.3
5246,The Sicilian Clan,7.7
5247,Paradox,6.5
5248,La leyenda del Charro Negro,8.0
5249,Anna Karenina,6.7
5250,Wild Things: Diamonds in the Rough,4.9
5251,Pacto de Fuga,7.7
5252,DuckTales: The Movie - Treasure of the Lost Lamp,6.8
5253,Barbershop 2: Back in Business,5.8
5254,Pokémon Ranger and the Temple of the Sea,6.4
5255,Stealing Beauty,6.7
5256,Dogtooth,7.1
5257,Final Fantasy: The Spirits Within,6.2
5258,Hotel Artemis,6.0
5259,Collide,5.5
5260,Woochi : The Demon Slayer,6.6
5261,Biker Boyz,6.1
5262,Silver Bullet,6.5
5263,Widows,6.5
5264,The Curious Dr. Humpp,4.9
5265,Wedding Daze,5.4
5266,Smokin' Aces,6.5
5267,Broken Arrow,6.0
5268,Disturbia,6.7
5269,Dracula,7.2
5270,Black Mass,6.4
5271,The Possession,6.0
5272,Ultraviolet,5.2
5273,The Call of Sex,4.6
5274,Tom and Jerry: Shiver Me Whiskers,6.8
5275,Mary Shelley,7.0
5276,Van Wilder 2: The Rise of Taj,5.0
5277,Flightplan,6.4
5278,Return of the Seven,6.1
5279,Bereavement,5.2
5280,A la mala,7.6
5281,That Malicious Age,6.6
5282,Monty Python and the Holy Grail,7.8
5283,All the Devil's Men,6.0
5284,Children of the Sea,7.2
5285,The Death of the Incredible Hulk,5.0
5286,The Omen,5.5
5287,Ocean Waves,6.3
5288,Jawbreaker,6.2
5289,The Benchwarmers,5.8
5290,"Summer of Soul (...Or, When the Revolution Could Not Be Televised)",7.8
5291,White Boy Rick,6.3
5292,Ringu 0,6.2
5293,The Treasure of the Sierra Madre,8.0
5294,The Art of the Steal,6.2
5295,Wishmaster 4: The Prophecy Fulfilled,4.7
5296,Futurama: Bender's Big Score,7.4
5297,Hellraiser: Deader,4.7
5298,Belle,7.2
5299,Excalibur,7.0
5300,Sunshine,6.9
5301,Don't Let Go,6.9
5302,Flatliners,5.7
5303,Magical Girl Lyrical Nanoha: Reflection,6.9
5304,Cats,6.6
5305,Knockaround Guys,5.9
5306,Woman with Pierced Nipples,4.7
5307,Star Trek: First Contact,7.3
5308,Transcendence,6.0
5309,Kids in Love,6.1
5310,Seeking a Friend for the End of the World,6.6
5311,Arctic Dogs,6.2
5312,Black Christmas,5.1
5313,Halloween Ends,0.0
5314,Duel,7.4
5315,BLACKPINK: Light Up the Sky,8.5
5316,Non Non Biyori: Vacation,6.9
5317,The Jewel of the Nile,6.2
5318,Monos,6.7
5319,Saw,7.0
5320,Rugrats in Paris: The Movie,6.6
5321,An American Werewolf in Paris,5.9
5322,Under the Tuscan Sun,6.8
5323,The Dig,6.9
5324,The Roommate,5.4
5325,Radioactive,6.6
5326,D.E.B.S.,6.4
5327,The Humanity Bureau,4.8
5328,A Fish Called Wanda,7.2
5329,The Highwaymen,6.7
5330,All About Eve,8.2
5331,Do It Like An Hombre,7.2
5332,El Siete Machos,8.0
5333,Flash Gordon,6.2
5334,Set It Up,7.0
5335,Super Troopers 2,5.8
5336,Lady Macbeth,6.6
5337,Heatwave,5.0
5338,The Aeronauts,6.8
5339,They Call Me Jeeg,7.5
5340,Critters 2,5.9
5341,Bill & Ted Face the Music,6.0
5342,Wild,7.0
5343,"Yours, Mine and Ours",6.7
5344,Emmanuelle 3,4.3
5345,The Final Countdown,6.6
5346,Teenage Mutant Ninja Turtles III,5.4
5347,Stalker,8.3
5348,The 100 Year-Old Man Who Climbed Out the Window and Disappeared,6.8
5349,Look Who's Talking Now!,5.4
5350,Major Payne,6.3
5351,Five Nights at Freddy's: Home Breach,6.0
5352,Booksmart,7.1
5353,Standoff,6.0
5354,War and Peace,6.6
5355,Firebreather,7.6
5356,Little Shop of Horrors,6.9
5357,Straight from the Barrio,7.7
5358,The Prince,4.9
5359,Falling Down,7.3
5360,Trinity Is Still My Name,7.4
5361,Superman III,5.5
5362,The Last Paradiso,6.0
5363,The Quest,6.1
5364,Solomon Kane,5.9
5365,Line of Duty,6.0
5366,Snow Dogs,5.7
5367,Down Periscope,6.1
5368,Tremors 2: Aftershocks,6.2
5369,Sahara,5.8
5370,The Night Comes for Us,6.9
5371,Marauders,5.8
5372,Needful Things,6.2
5373,Wedding Crashers,6.5
5374,The Great Gilly Hopkins,6.6
5375,The Nutcracker: The Untold Story,5.2
5376,Orbiter 9,5.8
5377,Theorem,7.1
5378,The Time Machine,7.4
5379,Eraser,6.0
5380,"Elvira, Mistress of the Dark",6.5
5381,The Candy Witch,5.9
5382,American Murder: The Family Next Door,7.3
5383,Shriek If You Know What I Did Last Friday the Thirteenth,4.8
5384,The Night Before,6.1
5385,Parental Guidance,5.9
5386,The Iron Lady,6.4
5387,Oculus,6.4
5388,Radhe Shyam,0.0
5389,Dragged Across Concrete,6.5
5390,The Replacement Killers,6.2
5391,Straw Dogs,7.2
5392,Sydney White,6.5
5393,The Myth,6.3
5394,Maid in Manhattan,6.1
5395,Sniper: Assassin's End,6.4
5396,Los verduleros,7.1
5397,The Lawnmower Man,5.5
5398,Out Of The Clear Blue Sky,8.1
5399,Commando 2 -  The Black Money Trail,5.9
5400,Bad Country,5.6
5401,The Hills Run Red,5.7
5402,Animal House,7.0
5403,Quigley Down Under,6.6
5404,Gamer,5.7
5405,Swiss Army Man,6.9
5406,Orca,6.2
5407,Trouble Every Day,5.8
5408,Fatman,5.5
5409,The Extraordinary Adventures of Adèle Blanc-Sec,6.1
5410,Godzilla: Planet of the Monsters,6.3
5411,Basic,6.5
5412,Repo Men,6.3
5413,Tom and Jerry's Giant Adventure,5.9
5414,Sweet Home Alabama,6.4
5415,DragonHeart: A New Beginning,5.4
5416,The Seventh Seal,8.2
5417,Scream: The Inside Story,5.9
5418,Can You Ever Forgive Me?,6.8
5419,Tom and Jerry Blast Off to Mars!,6.6
5420,It's Kind of a Funny Story,7.0
5421,The Magdalene Sisters,7.5
5422,Sleeping Beauty,5.3
5423,Hotsunlight,7.5
5424,Primal Fear,7.7
5425,The Lover,6.8
5426,My Girlfriend Is an Agent,6.3
5427,Maggie Simpson in Playdate with Destiny,7.6
5428,Aztech,5.4
5429,Miranda,5.3
5430,Fatal Attraction,6.8
5431,Bridget Jones: The Edge of Reason,6.3
5432,The Outlaw Josey Wales,7.5
5433,Peter's To-Do List,7.1
5434,20th Century Women,7.3
5435,Revolt,5.5
5436,Red Sonja,5.3
5437,Running with the Devil,5.4
5438,40 Years of Rocky: The Birth of a Classic,7.6
5439,Backdraft,6.7
5440,The Adventures of Robin Hood,7.5
5441,Above the Law,6.1
5442,Berserk: The Golden Age Arc I - The Egg of the King,7.3
5443,Scooby-Doo! and the Legend of the Vampire,7.2
5444,16 Blocks,6.4
5445,Chef,7.1
5446,Juan Luis Guerra 4.40: Entre Mar y Palmeras,8.3
5447,Steamboy,6.9
5448,Big Eyes,7.0
5449,Queen of Hearts,6.7
5450,My Cousin Rachel,5.7
5451,Alpha Dog,6.6
5452,Sky High,6.3
5453,Crazy About Work,7.6
5454,Under the Skin,6.1
5455,Cinema Paradiso,8.5
5456,La Bamba,7.2
5457,Mad Money,6.4
5458,Fun with Dick and Jane,6.2
5459,Winners & Sinners,6.8
5460,Wayne's World 2,6.1
5461,Mr. Deeds,5.8
5462,Takers,6.2
5463,Meet Dave,5.3
5464,Pineapple Express,6.6
5465,Scooby-Doo! and the Samurai Sword,7.9
5466,Amateur Night,5.5
5467,Kramer vs. Kramer,7.6
5468,The Mermaid: Lake of the Dead,6.2
5469,Mostly Ghostly 3: One Night in Doom House,6.1
5470,Tokyo Godfathers,7.9
5471,Invasion of the Body Snatchers,7.2
5472,Mac & Devin Go to High School,6.3
5473,The Substitute,6.6
5474,The 12th Man,7.3
5475,"The Long, Hot Summer",7.1
5476,The Viking War,5.5
5477,Bounty Hunters,7.2
5478,Amityville: The Awakening,5.4
5479,Vice,7.1
5480,Gridiron Gang,7.0
5481,Scooby-Doo! and WWE: Curse of the Speed Demon,7.8
5482,The 33D Invader,4.9
5483,The Book Thief,7.5
5484,Crossroads,7.3
5485,Dear Zindagi,7.1
5486,White Fang,6.7
5487,The Santa Clause,6.4
5488,How the West Was Won,7.1
5489,The Replacements,6.6
5490,The Jungle Bunch,6.3
5491,Cocoon,6.6
5492,Fate/stay night: Heaven's Feel II. Lost Butterfly,6.7
5493,Exposed,4.9
5494,The Curse of the Werewolf,6.5
5495,The Electrical Life of Louis Wain,7.1
5496,Digimon Adventure,7.5
5497,From Beijing with Love,6.8
5498,Eastern Promises,7.4
5499,The Florida Project,7.4
5500,Wild Strawberries,8.1
5501,The Jurassic Games,4.6
5502,La Grande Vadrouille,7.9
5503,A Frozen Flower,6.9
5504,Work It,7.7
5505,Chestnut: Hero of Central Park,7.0
5506,The Color Purple,7.8
5507,Music,5.7
5508,The Nice Guys,7.1
5509,Rock of Ages,6.2
5510,Ali,6.8
5511,Ronin,6.9
5512,Astro Kid,7.2
5513,Red Nose Day Actually,7.2
5514,Faces Places,7.7
5515,Brother,7.6
5516,George of the Jungle 2,4.4
5517,Timmy Failure: Mistakes Were Made,6.2
5518,Monster Hunter: Legends of the Guild,5.9
5519,The Perfect Storm,6.4
5520,Lemonade Mouth,7.4
5521,Vengeance: A Love Story,5.6
5522,The Legion,6.3
5523,Priceless,7.2
5524,Strange Magic,7.1
5525,Stay Alive,5.8
5526,Kung Pow: Enter the Fist,6.3
5527,Invictus,7.2
5528,Starsky & Hutch,5.8
5529,Norm of the North,4.7
5530,Mickey's Christmas Carol,7.7
5531,An Ordinary Man,6.4
5532,Monster High: Haunted,7.3
5533,The 15:17 to Paris,5.4
5534,Possessor Uncut,6.4
5535,Windtalkers,6.2
5536,Tenacious D in The Pick of Destiny,6.7
5537,Hamilton,8.4
5538,White Girl,5.7
5539,Big Daddy,6.4
5540,Starship Troopers 3: Marauder,4.7
5541,The Front Runner,5.9
5542,Madea's Witness Protection,6.1
5543,First Cow,7.0
5544,The Picture of Dorian Gray,7.1
5545,Zoom,5.4
5546,Haunt,6.7
5547,Angel Heart,7.1
5548,Rocco,5.6
5549,Luis and the Aliens,6.4
5550,My Brother's Wife,6.3
5551,The Rhythm Section,5.6
5552,The Exorcism of Molly Hartley,5.1
5553,About Cherry,4.5
5554,Pompeii,5.5
5555,Superman vs. The Elite,6.9
5556,Starship Troopers 2: Hero of the Federation,4.2
5557,The Young Master,6.8
5558,The Name of the Rose,7.4
5559,Brazil,7.7
5560,Love Me Instead,6.7
5561,Spycies,7.6
5562,Pistol Whipped,5.5
5563,The Legacy of Chucky,7.1
5564,Once Upon a Time in China III,6.4
5565,Grave Encounters 2,5.5
5566,Lost Highway,7.6
5567,The House Bunny,5.7
5568,Ip Man 4: The Finale,7.3
5569,Toxic,7.0
5570,Lifeboat,7.4
5571,Problem Child,6.0
5572,The Hitcher,7.0
5573,Adult World,6.1
5574,Damage,6.6
5575,Demons,6.6
5576,12 Rounds 3: Lockdown,5.8
5577,Zombie Massacre,5.1
5578,Omen IV: The Awakening,5.2
5579,My Fair Lady,7.6
5580,Road Trip: Beer Pong,5.4
5581,Mater and the Ghostlight,6.2
5582,Sex and Zen III,6.3
5583,Rain Man,7.8
5584,The Pilot. A Battle for Survival,7.6
5585,Hacker,6.7
5586,Beverly Hills Cop III,5.9
5587,Papillon,7.9
5588,The Upside,7.1
5589,Heartbreakers,6.0
5590,The Imaginarium of Doctor Parnassus,6.4
5591,City Slickers,6.4
5592,Crush,5.9
5593,The Neon Demon,6.5
5594,Death at a Funeral,5.8
5595,The Nativity Story,6.9
5596,The Specialist,5.8
5597,Imagine Me & You,7.6
5598,A Conspiracy of Faith,7.0
5599,Asterix and the Vikings,6.1
5600,The Bodyguard from Beijing,6.6
5601,Raw,7.1
5602,We Couldn't Become Adults,6.2
5603,The Numbers Station,5.5
5604,Radio Rebel,6.2
5605,"Remi, Nobody's Boy",8.0
5606,Rat Race,6.2
5607,"Alexander and the Terrible, Horrible, No Good, Very Bad Day",6.2
5608,Real Girl,6.3
5609,Lone Wolf McQuade,6.6
5610,Star of David: Beauty Hunting,6.1
5611,They Reach,7.7
5612,Three Wishes for Cinderella,7.6
5613,Mega Shark vs. Giant Octopus,3.9
5614,A Ballad of Saints and Sinners,0.0
5615,Minamata,6.9
5616,Capone,5.0
5617,Wolves,6.0
5618,Sheena,5.8
5619,Maximum Risk,5.6
5620,Cristiano de la Secreta,7.0
5621,Vanilla Sky,6.8
5622,Snakes on a Plane,5.3
5623,No Escape Room,6.3
5624,The Chaser,7.8
5625,Hell Fest,5.7
5626,The Five-Year Engagement,5.8
5627,Sister Act,6.8
5628,I Still See You,6.7
5629,Saturday Night Fever,6.7
5630,13 Ghosts,5.8
5631,Zoolander,6.2
5632,Lars and the Real Girl,7.1
5633,The Night Clerk,6.1
5634,Young Sister-in-law 3,6.5
5635,Kin,6.2
5636,The Core,5.7
5637,In the Tall Grass,5.5
5638,Harry Potter: A History Of Magic,7.0
5639,Homeward Bound: The Incredible Journey,6.9
5640,Je suis Karl,5.6
5641,Finding Vivian Maier,7.7
5642,The Stepford Wives,5.7
5643,Braindead,7.4
5644,Chilangolandia,7.1
5645,The Matrix Revisited,6.9
5646,The Possession of Michael King,6.0
5647,Ibiza,5.8
5648,Safe House,6.4
5649,Love Hard,7.1
5650,The Informer,6.5
5651,Passengers,6.1
5652,Match Point,7.3
5653,Dorian Gray,6.0
5654,I Spit on Your Grave: Déjà Vu,2.9
5655,Next Friday,6.4
5656,Little Witch Academia: The Enchanted Parade,7.3
5657,Jarhead 2: Field of Fire,6.4
5658,What Lies Beneath,6.4
5659,48 Hrs.,6.7
5660,Blood: The Last Vampire,5.7
5661,Primal Rage,5.4
5662,Short Circuit,6.6
5663,The Midnight Man,5.7
5664,Expelled from Paradise,6.5
5665,Dominion: Prequel to The Exorcist,5.3
5666,Suspiria,7.5
5667,Deception,5.9
5668,Cinderella Man,7.5
5669,Rogue,5.6
5670,Infernal Affairs III,6.9
5671,Exorcist: The Beginning,5.3
5672,The Crime of Padre Amaro,6.5
5673,Palm Trees in the Snow,7.4
5674,Fantasia 2000,7.0
5675,Revolver,6.4
5676,Weaponized,3.8
5677,Hope,8.5
5678,Tomb Invader,4.2
5679,Tinker Tailor Soldier Spy,6.6
5680,The Rocky Horror Picture Show,7.5
5681,Spy Game,6.9
5682,The Stranger by the Shore,7.5
5683,Studio 666,6.6
5684,Fritz the Cat,6.1
5685,Edge of the World,5.7
5686,The Girl From the Other Side,0.0
5687,Travis Scott: Look Mom I Can Fly,7.0
5688,The Ghost of Lord Farquaad,5.9
5689,Scooby-Doo and the Alien Invaders,7.1
5690,Kelly's Heroes,7.4
5691,My Girl,7.4
5692,The Break-Up,5.8
5693,The Final Wish,5.2
5694,Upside Down,6.2
5695,Terminal,5.5
5696,Dead Snow 2: Red vs. Dead,6.6
5697,Into the Labyrinth,6.4
5698,The Secret Garden,6.4
5699,SPL: Kill Zone,6.9
5700,The Family Man,6.7
5701,Cop Land,6.8
5702,Bushwhacked,5.3
5703,The Yin-Yang Master: Dream of Eternity,7.7
5704,The Trust,5.0
5705,Force of Execution,4.8
5706,Ghost in the Shell Arise - Border 2: Ghost Whispers,7.1
5707,Problem Child 2,5.9
5708,Sudden Impact,6.5
5709,Gold,6.6
5710,The Vikings,7.1
5711,The Life Aquatic with Steve Zissou,7.2
5712,Pooh's Grand Adventure: The Search for Christopher Robin,7.1
5713,The Water Man,6.3
5714,Aloha,5.5
5715,The Snowman,5.2
5716,The Woman in Black,6.1
5717,Untold: Crimes & Penalties,6.8
5718,Moulin Rouge!,7.6
5719,Brimstone,7.1
5720,Golden Job,6.4
5721,Teen Wolf Too,4.1
5722,Ms. Kristina Moran: Ang Babaeng Palaban,0.0
5723,Alien Overlords,4.1
5724,Here Comes the Boom,6.2
5725,Missing in Action,5.7
5726,The Men Who Stare at Goats,6.0
5727,The Day of the Jackal,7.6
5728,Joe Bell,5.8
5729,Twin Peaks: Fire Walk with Me,7.3
5730,The Disappearance of Haruhi Suzumiya,7.7
5731,The Bounty Hunter,5.8
5732,Billy Elliot,7.6
5733,The Heartbreak Kid,5.7
5734,Insomnia,6.9
5735,Rounders,7.0
5736,Benji,7.0
5737,K-PAX,7.2
5738,Trash,7.1
5739,Crimson Rivers II: Angels of the Apocalypse,6.1
5740,Along Came a Spider,6.3
5741,Superman II: The Richard Donner Cut,7.5
5742,Pain and Glory,7.5
5743,Puppylove,5.8
5744,Tom and Jerry & The Wizard of Oz,6.0
5745,The Scorpion King 4: Quest for Power,5.1
5746,All the President's Men,7.7
5747,StreetDance 2,6.1
5748,Seven Psychopaths,6.8
5749,Tales from Earthsea,6.6
5750,Law of Desire,7.3
5751,Prospect,6.1
5752,Flight of the Phoenix,6.0
5753,Downrange,5.8
5754,One Direction: This Is Us,8.5
5755,The Fanatic,4.5
5756,Christmas with the Kranks,6.1
5757,Batman & Mr. Freeze: SubZero,7.0
5758,Quarantine 2: Terminal,5.7
5759,The Virgin Suicides,7.1
5760,Batman Unlimited: Animal Instincts,5.7
5761,Extraterrestrial,5.5
5762,All About My Mother,7.7
5763,Beyond the Boundary: I'll Be Here – Future,7.5
5764,Armored,5.7
5765,The Women and the Murderer,6.0
5766,Welcome to Sudden Death,6.3
5767,Blue Is the Warmest Color,7.1
5768,A Nightmare on Elm Street: The Dream Child,5.4
5769,Miss Willoughby and the Haunted Bookshop,4.4
5770,Battle for the Planet of the Apes,5.7
5771,Beauty and the Beast,7.5
5772,Heidi,7.1
5773,Christiane F.,7.3
5774,Beneath,5.4
5775,Wild Tales,7.8
5776,The Girl in the Spider's Web,6.1
5777,Salon Kitty,5.4
5778,You've Got Mail,6.6
5779,Monster High: Freaky Fusion,7.7
5780,Farewell My Concubine,7.9
5781,The Sting,8.0
5782,The Elephant Man,8.1
5783,The Longest Day,7.6
5784,Fried Green Tomatoes,7.7
5785,A River Runs Through It,7.1
5786,Sorry Angel,6.9
5787,Coneheads,5.3
5788,The Reaping,5.7
5789,Master and Commander: The Far Side of the World,7.1
5790,After the Ball,6.4
5791,1987: When the Day Comes,8.0
5792,The Thirteenth Floor,7.0
5793,Never Cry Werewolf,5.7
5794,My Neighbors the Yamadas,6.9
5795,Frailty,7.0
5796,Bone Tomahawk,6.8
5797,Camp Rock,6.4
5798,Marvel One-Shot: All Hail the King,6.9
5799,The 6th Day,5.9
5800,The Town that Dreaded Sundown,5.8
5801,Marvel One-Shot: Item 47,6.5
5802,The Wedding Veil Legacy,5.8
5803,Nutty Professor II: The Klumps,5.0
5804,Old Henry,7.4
5805,Unlocked,6.2
5806,Fantomas Unleashed,6.7
5807,Little,6.8
5808,The Captive,5.9
5809,Playmobil: The Movie,5.7
5810,The Recall,4.6
5811,Barely Lethal,5.8
5812,Love the Coopers,6.0
5813,Alpha and Omega,5.9
5814,The Lost Boys,7.0
5815,Misha and the Wolves,7.2
5816,Cockneys vs Zombies,5.7
5817,The Stolen Princess,6.8
5818,Don't Hang Up,6.1
5819,Stealth,5.3
5820,Argo,7.3
5821,2010,6.7
5822,Iron Man: Rise of Technovore,5.8
5823,Harmony,7.1
5824,Allan Quatermain and the Lost City of Gold,4.8
5825,Jackie Brown,7.3
5826,"Monster High: Frights, Camera, Action!",7.1
5827,The Maltese Falcon,7.8
5828,Run Lola Run,7.3
5829,This Little Love of Mine,6.3
5830,Sleeping Beauties,3.9
5831,The Punisher,5.7
5832,In the Name of the Father,7.9
5833,Misbehaviour,6.4
5834,Ken Park,5.8
5835,Love,6.4
5836,Runaway Bride,6.1
5837,Miami Vice,5.9
5838,Rust Creek,6.4
5839,Criminal Activities,5.9
5840,Fir Crazy,5.9
5841,Bratz,5.7
5842,The Ewok Adventure,6.0
5843,Lamb,6.3
5844,Romeo Must Die,6.2
5845,Metropolis,8.2
5846,Drunk Parents,4.7
5847,The Ruins,5.9
5848,Just Married,5.7
5849,Next Gen,7.0
5850,13 Sins,6.3
5851,The Lighthouse of the Orcas,7.0
5852,Police Story: Lockdown,6.0
5853,Cube,6.8
5854,8MM,6.4
5855,Mr. Brooks,6.9
5856,My Friend's Wife,6.3
5857,The Unbearable Lightness of Being,7.1
5858,Waves,7.5
5859,Macross: Do You Remember Love?,6.9
5860,Grabbers,6.1
5861,Chaos,6.3
5862,Berlin Drifters,5.0
5863,Puella Magi Madoka Magica the Movie Part III: Rebellion,7.7
5864,After the Rain,7.6
5865,Denial,6.8
5866,Perras,6.8
5867,S. Darko,4.3
5868,The Crow: Salvation,5.4
5869,Romancing the Stone,6.7
5870,Velvet Buzzsaw,5.3
5871,Sissi: The Young Empress,7.2
5872,Get Shorty,6.5
5873,The Forgotten,5.9
5874,Love Hurts,7.6
5875,Certain Women,5.9
5876,Exit Wounds,5.6
5877,Monster High: Ghouls Rule,6.7
5878,High Plains Drifter,7.4
5879,The Shaggy Dog,4.9
5880,The Game,7.6
5881,Burnt,6.5
5882,All Dogs Go to Heaven,6.7
5883,Careful What You Wish For,6.1
5884,Pray Away,7.0
5885,Doraemon: Nobita and the Space Heroes,6.1
5886,Harry and the Hendersons,6.1
5887,Lupin the Third: Goemon's Blood Spray,7.9
5888,Shortbus,6.4
5889,Evil,7.3
5890,Ringu,7.1
5891,Time to Hunt,7.2
5892,Hotel Chevalier,7.0
5893,Swat: Unit 887,5.0
5894,"It's a Mad, Mad, Mad, Mad World",7.0
5895,Muppets Most Wanted,6.3
5896,Psycho,5.1
5897,Cold Mountain,6.9
5898,Jackass Shark Week,5.5
5899,The Haunting in Connecticut,6.2
5900,Firestarter,6.2
5901,Green Street Hooligans: Underground,5.3
5902,Iblis Dalam Kandungan,0.0
5903,Bullet to the Head,5.5
5904,Mickey's Once Upon a Christmas,7.1
5905,Words on Bathroom Walls,8.0
5906,Awakenings,7.8
5907,August Rush,7.4
5908,The Third Man,8.0
5909,Batman vs. Two-Face,6.4
5910,Motherless Brooklyn,6.7
5911,Reign of Fire,6.1
5912,Adventures in Babysitting,6.8
5913,Zombies,5.6
5914,Felon,7.2
5915,The Whole Truth,6.5
5916,Playing with Love,5.1
5917,Mortal Kombat: Rebirth,6.7
5918,The Beach,6.4
5919,Almost Famous,7.5
5920,Clouds,8.4
5921,Scooby-Doo! Frankencreepy,7.7
5922,My Own Private Idaho,7.1
5923,Nothing but Trouble,5.2
5924,Get the Grift,6.6
5925,Dance of the Forty One,8.0
5926,Tully,6.8
5927,Another Earth,6.7
5928,Frankenstein,7.5
5929,Dogville,7.8
5930,The Fly II,5.5
5931,Petals on the Wind,6.4
5932,Boat Trip,5.3
5933,Visitor Q,6.4
5934,Fire with Fire,5.7
5935,Boy Missing,6.4
5936,1492: Conquest of Paradise,6.1
5937,Of Gods and Men,6.7
5938,The Seven Deadly Sins: Prisoners of the Sky,7.6
5939,The Blob,6.7
5940,Assimilate,6.5
5941,Intimacy,6.4
5942,Hulk vs. Wolverine,7.1
5943,The Chorus,7.7
5944,Battleship Potemkin,7.7
5945,The Great Debaters,7.2
5946,The Skeleton Key,6.6
5947,A Night at the Roxbury,6.6
5948,Climax,7.1
5949,Paperhouse,6.8
5950,The Fog,6.7
5951,Open Water,5.5
5952,The Assassination of Jesse James by the Coward Robert Ford,7.1
5953,Perfect Stranger,5.8
5954,The Hungover Games,4.1
5955,Apollo 18,5.3
5956,Whindersson Nunes: É de Mim Mesmo,6.8
5957,Ash & Dust,0.0
5958,The Life of David Gale,7.4
5959,Raging Bull,8.0
5960,How Much Do You Love Me?,5.7
5961,Air Strike,4.9
5962,Shaft,6.6
5963,The Turning,6.0
5964,The Robe,6.8
5965,The Santa Clause 2,5.9
5966,La Haine,8.1
5967,Iron Man & Hulk: Heroes United,5.7
5968,Mr. Right,6.4
5969,Logan's Run,6.6
5970,Marvel Studios: Assembling a Universe,7.1
5971,Fire and Ice,6.5
5972,Disclosure,8.2
5973,The Gambler,5.9
5974,See No Evil,5.4
5975,Gringo,5.9
5976,V/H/S/2,6.3
5977,Cartel Land,7.2
5978,Obsession,6.2
5979,K: Missing Kings,6.4
5980,Kwaidan,7.8
5981,True Grit,7.3
5982,Open Season 3,5.7
5983,The Personal History of David Copperfield,6.5
5984,Cold Skin,6.2
5985,Finders Keepers,4.7
5986,Creepshow 2,6.2
5987,Sexology,4.8
5988,Scooby-Doo! Mask of the Blue Falcon,7.9
5989,Pyewacket,5.9
5990,Live by Night,6.2
5991,Crows Zero II,7.2
5992,The Disappointments Room,4.5
5993,Gnome Alone,6.2
5994,Kiss and Cry,7.4
5995,Get Hard,6.0
5996,Percy,7.0
5997,Mommy,8.3
5998,The Bride of Frankenstein,7.6
5999,Piranhaconda,5.2
6000,What We Do in the Shadows,7.6
6001,Spring Breakers,5.2
6002,Blue My Mind,6.8
6003,A Christmas Carol,7.3
6004,The Ouija Exorcism,4.2
6005,A Matter of Loaf and Death,7.3
6006,The Girl Next Door 2,8.3
6007,Hard Boiled,7.6
6008,25th Hour,7.4
6009,*batteries not included,6.7
6010,Sin tetas no hay paraíso,7.2
6011,Notorious,6.9
6012,Marvel One-Shot: The Consultant,6.5
6013,X-Cross,6.2
6014,Lock Up,6.7
6015,Antiporno,6.9
6016,Forsaken,6.0
6017,Cake,6.3
6018,Blue Velvet,7.6
6019,Potter's Ground,6.3
6020,The Idiots,6.5
6021,The Sand Pebbles,7.2
6022,A Letter to Momo,7.5
6023,A Christmas Prince,6.7
6024,Magnum Force,7.2
6025,Tapped Out,5.7
6026,The Snitch Cartel,7.0
6027,Middle Men,6.5
6028,Dracula's Daughter,6.2
6029,Phineas and Ferb: Star Wars,7.1
6030,The Guardian,7.1
6031,Dirty Harry,7.5
6032,Big Gold Brick,4.1
6033,Stuart Little 3: Call of the Wild,5.3
6034,A Very Harold & Kumar Christmas,6.0
6035,The Smurfs: A Christmas Carol,6.7
6036,Revenge,6.6
6037,Scared Shrekless,6.4
6038,Big Fat Liar,5.9
6039,Spotlight,7.8
6040,Ginger Snaps 2: Unleashed,6.5
6041,LEGO DC Comics Super Heroes: Justice League - Attack of the Legion of Doom!,6.9
6042,Hollow Point,6.8
6043,Just My Luck,6.1
6044,Thoroughbreds,6.4
6045,Volcano,5.8
6046,The Place Beyond the Pines,6.9
6047,Once Upon a Time in China,7.2
6048,Burning,7.4
6049,Porno,5.5
6050,Naruto: The Cross Roads,6.2
6051,Cyborg X,5.8
6052,Eyes Without a Face,7.6
6053,Next,6.0
6054,High Tension,6.7
6055,Bullet Head,4.9
6056,The Garden of Sinners: Future Gospel,7.3
6057,2022 Tsunami,4.6
6058,Spartacus,6.8
6059,The Professor and the Madman,7.2
6060,The Sentinel,6.0
6061,Greenberg,5.8
6062,Loving,6.7
6063,Female Fight Squad,6.5
6064,Paskal,7.7
6065,Amazonia: The Catherine Miles Story,6.2
6066,Police Academy: Mission to Moscow,4.5
6067,The Boondock Saints,7.3
6068,The Powerpuff Girls Movie,6.6
6069,Flowers in the Attic,6.6
6070,Klute,6.8
6071,Shaolin,6.8
6072,Captain Underpants: Mega Blissmas,5.7
6073,The Net,5.9
6074,Before Sunrise,8.0
6075,The Librarian: Quest for the Spear,6.2
6076,Diablo,4.8
6077,Premium Rush,6.3
6078,The Promise,6.9
6079,Flypaper,6.4
6080,Beverly Hills Cop II,6.4
6081,Begin Again,7.2
6082,Beautiful Teacher in Torture Hell,5.7
6083,"Spring, Summer, Fall, Winter... and Spring",7.8
6084,Ricki and the Flash,5.8
6085,42,7.1
6086,A Grand Day Out,7.5
6087,Risky Business,6.5
6088,Awake,6.4
6089,"Civil War (Or, Who Do We Think We Are)",2.0
6090,Curse of the Golden Flower,6.8
6091,Incoming,4.5
6092,Frantz,7.4
6093,Margin Call,6.8
6094,A Trip to the Moon,8.0
6095,Highlander: Endgame,4.9
6096,Mr. Smith Goes to Washington,8.0
6097,The Golden Child,5.9
6098,Crazy Safari,5.0
6099,Iron Sky: The Coming Race,5.1
6100,Berserk: The Golden Age Arc II - The Battle for Doldrey,7.4
6101,Christmas Under Wraps,5.8
6102,...And Justice for All,7.1
6103,Sgt. Stubby: An American Hero,7.4
6104,Daylight,6.1
6105,So Close,6.8
6106,Escape from Planet Earth,5.7
6107,Scooby-Doo! Music of the Vampire,7.8
6108,Set It Off,7.2
6109,Brotherhood of the Wolf,6.7
6110,Rocketman,7.4
6111,Grace Unplugged,6.2
6112,U-571,6.4
6113,Fahrenheit 451,5.4
6114,The Star,6.1
6115,House of Flying Daggers,7.3
6116,Detective Conan: Magician of the Silver Sky,6.9
6117,Revolutionary Road,7.0
6118,Rabid Dogs,5.5
6119,"Dragon Ball: Fight Son Goku, Win Son Goku",4.0
6120,Babe: Pig in the City,5.5
6121,Burn After Reading,6.6
6122,Sissi,7.4
6123,Army of One,5.3
6124,The Wild Geese,6.9
6125,Lansky,6.0
6126,211,5.4
6127,Radius,6.6
6128,A California Christmas: City Lights,6.7
6129,The Innocents,6.8
6130,Barbershop,6.3
6131,Night Watch,6.3
6132,Point Blank,6.1
6133,Billy Madison,6.2
6134,Boys Don't Cry,7.5
6135,The Girl in the Fog,6.8
6136,Wall Street,7.2
6137,Crocodile Dundee,6.4
6138,Throw Momma From the Train,6.2
6139,Love Live! The School Idol Movie,7.6
6140,Judgment at Nuremberg,8.1
6141,Hard to Kill,5.9
6142,Stitches,6.4
6143,Husk,5.8
6144,A Thousand and One Nights,6.8
6145,Loving Annabelle,6.4
6146,Gangster No. 1,6.5
6147,Sound of Metal,7.8
6148,Offline: Are You Ready for the Next Level?,5.5
6149,Ghost in the Shell: The New Movie,6.6
6150,Rumor Has It...,5.6
6151,In the Name of the King: A Dungeon Siege Tale,4.6
6152,The Silencing,6.5
6153,Drumline,6.9
6154,Made in Abyss: Dawn of the Deep Soul,8.0
6155,The Calm Beyond,6.0
6156,London Fields,5.0
6157,I Now Pronounce You Chuck & Larry,6.0
6158,Kidnapping Stella,5.3
6159,Hard Candy,6.8
6160,Midnight Cowboy,7.5
6161,Wild at Heart,7.0
6162,Gangster Squad,6.3
6163,Bleed for This,6.8
6164,The Darker the Lake,0.0
6165,War Machine,5.6
6166,Silkwood,7.0
6167,Grudge Match,6.0
6168,Never Sleep Again: The Elm Street Legacy,8.0
6169,Star Trek: Insurrection,6.4
6170,The Pirates! In an Adventure with Scientists!,6.4
6171,Mulan: Rise of a Warrior,7.5
6172,Tamayura: Graduation Photo Part 1 - Kizashi,6.2
6173,Super Monsters Furever Friends,6.2
6174,Godzilla,7.6
6175,Slaughterhouse Rulez,5.6
6176,The Bouncer,6.3
6177,Haunted Hospital: Heilstatten,5.3
6178,True Legend,6.5
6179,Marvel Renaissance,5.6
6180,The Wrestler,7.5
6181,The Long Kiss Goodnight,6.6
6182,Stuntman,6.5
6183,Easy Rider,7.1
6184,Joyeux Noel,7.4
6185,The Last Castle,7.1
6186,Look Who's Back,6.8
6187,Death Note Relight 2: L's Successors,7.3
6188,Time Freak,6.6
6189,Blood: The Last Vampire,6.8
6190,The Way Way Back,7.1
6191,Cannibal Ferox,5.4
6192,Little Nemo: Adventures in Slumberland,6.7
6193,Winnie the Pooh: A Very Merry Pooh Year,6.8
6194,Kidnapping Mr. Heineken,6.0
6195,Underdog,5.4
6196,Hector and the Search for Happiness,6.7
6197,The Wraith,6.3
6198,Last Vegas,6.4
6199,Our House,5.6
6200,Space Chimps 2: Zartog Strikes Back,4.6
6201,Revenge of the Nerds II: Nerds in Paradise,5.6
6202,Murder on the Orient Express,7.2
6203,Partysaurus Rex,7.2
6204,Journey's End,6.2
6205,Congo,5.5
6206,"Dude, Where's My Car?",5.5
6207,The Special,5.9
6208,Maya the Bee: The Honey Games,6.8
6209,Scooby-Doo! Adventures: The Mystery Map,8.8
6210,200 Pounds Beauty,6.8
6211,It Comes at Night,5.8
6212,Game of Death,6.4
6213,My Way,8.0
6214,Kim Possible,5.5
6215,The Secret of Moonacre,6.5
6216,The Physician,7.3
6217,Sandy Wexler,5.6
6218,Isle of Dogs,7.9
6219,Patton,7.5
6220,Ghost in the Shell Arise - Border 4: Ghost Stands Alone,6.9
6221,Cannonball Run II,5.5
6222,An American Crime,7.3
6223,Demon Slayer,7.4
6224,Domino,6.0
6225,The Twilight Samurai,7.8
6226,Small Fry,6.9
6227,When Dinosaurs Ruled the Earth,6.2
6228,Sword Master,6.4
6229,Dark Desire,5.3
6230,National Lampoon Presents Dorm Daze,5.0
6231,Elizabeth: The Golden Age,6.7
6232,The Longest Yard,6.7
6233,First Kill,5.7
6234,The Guardian Brothers,5.8
6235,Into the Inferno,7.1
6236,The Devil Inside,4.8
6237,Tom and Jerry: A Nutcracker Tale,6.9
6238,The Three Musketeers,6.4
6239,Star Trek V: The Final Frontier,5.7
6240,Five Nights at Freddy's: The Fan Movie,4.3
6241,Maverick,6.8
6242,A Perfect Murder,6.5
6243,The Bad Batch,5.2
6244,Dope,7.1
6245,Black Knight,5.4
6246,Cosmic Sex,5.3
6247,Along Came Polly,6.0
6248,Buffy the Vampire Slayer,5.6
6249,Kill Chain,5.3
6250,Blindness,6.5
6251,The Beast,5.5
6252,Belzebuth,6.7
6253,Leaving Las Vegas,7.2
6254,The Astronaut's Wife,5.6
6255,Soldier Boy,8.1
6256,Lean on Pete,6.9
6257,The Purity of Vengeance,7.2
6258,Journey to the West: The Demons Strike Back,6.1
6259,Thoroughbred,6.6
6260,Sheep & Wolves,6.1
6261,Honey: Rise Up and Dance,7.0
6262,Gasoline Alley,4.9
6263,Ella Bella Bingo,6.5
6264,Ju-on: The Grudge 2,6.3
6265,Lucy and Desi,7.8
6266,The Hole in the Ground,5.6
6267,Driven,6.3
6268,The Messengers,5.7
6269,Barely Legal,6.2
6270,The Bridges of Madison County,7.7
6271,The Lazarus Effect,5.2
6272,Dark Waters,7.5
6273,Ben & Jody,6.5
6274,Operation Hyacinth,6.7
6275,Invasion: Planet Earth,5.5
6276,Critters 3,5.1
6277,Day of the Dead,7.0
6278,Hercules in New York,4.1
6279,The Guilty,7.3
6280,Ragnarok,5.6
6281,Detective Conan: Crossroad in the Ancient Capital,7.0
6282,Dragon Wars,4.5
6283,Breaking Surface,6.7
6284,The Borrowers,6.0
6285,Johnny Mnemonic,5.7
6286,Glory,7.5
6287,Apollo 10½:  A Space Age Childhood,0.0
6288,Dark Angel,6.0
6289,We Die Young,6.9
6290,Wild Rose,6.8
6291,Puella Magi Madoka Magica the Movie Part I: Beginnings,7.5
6292,Mickey's Twice Upon a Christmas,7.1
6293,Balto III: Wings of Change,6.7
6294,The Gendarme and the Gendarmettes,6.0
6295,The Pool,5.8
6296,Life of Crime,5.7
6297,The Back-Up Plan,6.1
6298,El Angel,7.4
6299,The Marine 2,6.1
6300,Call of Heroes,6.4
6301,Mickey Blue Eyes,5.6
6302,Kids,6.9
6303,Show Dogs,6.0
6304,Another Gay Movie,6.0
6305,Adventures of Arsène Lupin,5.2
6306,Mutiny on the Bounty,7.0
6307,100 Things,6.7
6308,Open Water 2: Adrift,5.5
6309,Help! I'm a Fish,6.7
6310,Last Holiday,7.0
6311,Unstable Fables: 3 Pigs & a Baby,6.0
6312,Almost Friends,6.5
6313,Glass Houses,6.1
6314,The Keeper of Lost Causes,7.1
6315,The Pink Panther 2,5.7
6316,Awake,5.2
6317,Hellraiser III: Hell on Earth,5.6
6318,Around the World in Eighty Days,6.7
6319,3 Days to Kill,6.1
6320,Power Rangers Super Megaforce: The Legendary Battle,6.9
6321,Becoming,5.5
6322,2-Headed Shark Attack,4.1
6323,Eraserhead,7.5
6324,Jackie,6.4
6325,Heart of Batman,4.0
6326,Silenced,8.2
6327,The Current War,6.6
6328,Salma's Big Wish,6.9
6329,Navy Seals vs. Zombies,4.6
6330,Gabriel,6.0
6331,Three Colors: White,7.5
6332,Beyond the Edge,5.6
6333,"Good Morning, Vietnam",7.4
6334,God of War,5.8
6335,Milk Money,6.3
6336,Bullitt,7.2
6337,Cardcaptor Sakura: The Sealed Card,8.2
6338,The Killer,7.7
6339,Five Children and It,5.5
6340,Run the Tide,5.7
6341,A Ghost Story,7.1
6342,Inside,6.7
6343,Cinderella and the Secret Prince,6.8
6344,Play or Die,5.5
6345,Rape Zombie: Lust of the Dead,6.2
6346,The Cabinet of Dr. Caligari,8.0
6347,The Show,5.7
6348,JoJo's Bizarre Adventure: Diamond Is Unbreakable – Chapter 1,7.0
6349,The Land Before Time IV: Journey Through the Mists,6.2
6350,Reindeer Games,5.6
6351,Win a Date with Tad Hamilton!,5.7
6352,A Royal Winter,7.2
6353,Madea's Big Happy Family,6.9
6354,Blade Runner: Black Out 2022,7.3
6355,Race to Witch Mountain,5.8
6356,The Phantom of the Opera,7.3
6357,Piglet's Big Movie,6.7
6358,King Kong vs. Godzilla,6.9
6359,Open Range,7.2
6360,Porno Girls,4.8
6361,Disclosure,6.2
6362,Forbidden Empire,5.9
6363,Grave Encounters,6.3
6364,The Man Who Shot Liberty Valance,7.8
6365,Analyze This,6.5
6366,Poltergeist III,5.2
6367,Bewitched,5.0
6368,Under Siege,6.2
6369,Always Be My Maybe,6.7
6370,Burn Out,6.8
6371,Solaris,7.9
6372,The Shipping News,6.3
6373,The Domestics,6.2
6374,Guess Who,5.9
6375,"Definitely, Maybe",6.9
6376,The Fear of God: 25 Years of The Exorcist,6.8
6377,Chocolat,6.9
6378,The Wolverine,6.4
6379,Lion of the Desert,7.3
6380,A Troll in Central Park,5.0
6381,Miss Americana,7.9
6382,Kate & Leopold,6.3
6383,Your Friend the Rat,6.7
6384,Fair Game,4.9
6385,The 100th Love with You,7.4
6386,We Need to Talk About Kevin,7.6
6387,Cruel Intentions 2,4.9
6388,Down a Dark Hall,5.5
6389,Persona,8.3
6390,Fading Gigolo,5.8
6391,Men Behind the Sun,6.2
6392,The One and Only Ivan,7.5
6393,Another Egg and Chicken Movie,7.5
6394,Camp X-Ray,6.8
6395,Philadelphia,7.7
6396,Raw Deal,5.8
6397,Julia's Eyes,6.6
6398,Colonia,7.3
6399,The Ides of March,6.7
6400,The Money Pit,6.4
6401,Monster High: 13 Wishes,7.3
6402,Lost in Translation,7.4
6403,Prom,6.1
6404,Jingle All the Way,6.0
6405,Into the Blue,5.8
6406,Detective Conan: Zero the Enforcer,6.0
6407,A Turtle's Tale 2: Sammy's Escape from Paradise,5.8
6408,Kagemusha,7.9
6409,Lake Placid: The Final Chapter,5.2
6410,Sacrifice,5.1
6411,Great White,5.5
6412,The Blues Brothers,7.7
6413,New Order,6.6
6414,King Kong vs. Godzilla,6.7
6415,A Dangerous Method,6.3
6416,In the Blood,5.9
6417,Fright Night 2: New Blood,4.9
6418,The Body,7.6
6419,"Men, Women & Children",6.5
6420,Under the Silver Lake,6.4
6421,Beowulf & Grendel,5.7
6422,The Eight Hundred,7.1
6423,Private School,5.3
6424,The Glass Castle,7.1
6425,Anchorman: The Legend of Ron Burgundy,6.7
6426,Ghost of Goodnight Lane,5.2
6427,Men in Hope,7.5
6428,Agent Cody Banks 2: Destination London,5.5
6429,The Firm,6.7
6430,Midori,6.5
6431,A Kid in King Arthur's Court,4.8
6432,Anything Else,6.2
6433,Madu Murni,0.0
6434,Hard Kill,5.1
6435,Terrified,6.6
6436,The Belko Experiment,6.1
6437,The Gruffalo's Child,7.0
6438,Tom and Jerry: The Magic Ring,6.2
6439,Empire of the Sun,7.5
6440,Deadfall,5.9
6441,Battle in Heaven,5.1
6442,Bedknobs and Broomsticks,7.0
6443,ARQ,6.1
6444,The Ambulance,5.9
6445,Roma,7.7
6446,"Easy Sex, Sad Movies",5.4
6447,Nancy Drew and the Hidden Staircase,6.5
6448,Infinite Storm,0.0
6449,Juice,7.2
6450,Piranha II: The Spawning,4.4
6451,Wild Things 2,5.1
6452,Vampires: Los Muertos,5.4
6453,The Informers,4.6
6454,Striptease,5.6
6455,Cats,4.2
6456,Alone in the Dark,3.2
6457,Are You Here,5.2
6458,The Frozen Ground,6.3
6459,Grappler Baki,6.3
6460,The Hole,6.2
6461,Dragon Tiger Gate,6.6
6462,Thick as Thieves,5.9
6463,Thank You for Smoking,7.2
6464,Freaks,7.8
6465,Daughters of Eve,5.3
6466,The Joy Luck Club,7.2
6467,The Good Liar,6.7
6468,Tiempo,4.5
6469,Walk the Line,7.5
6470,Let It Snow,6.1
6471,Fort Apache,7.0
6472,What to Expect When You're Expecting,6.0
6473,The Aftermath,6.4
6474,The Extraordinary Journey of the Fakir,7.0
6475,mid90s,7.5
6476,Weird Science,6.5
6477,Poseidon,5.8
6478,Asterix and the Big Fight,6.3
6479,Samba,6.4
6480,The Call Up,5.2
6481,Sex and Death 101,6.0
6482,Asterix the Gaul,6.4
6483,Vantage Point,6.4
6484,Sabrina,5.3
6485,Barry Lyndon,8.0
6486,2001 Maniacs: Field of Screams,4.0
6487,Erotic Seductions,6.3
6488,The Lifeguard,5.4
6489,RockNRolla,7.0
6490,Assassins,6.4
6491,The Return of the King,6.7
6492,The Piano Teacher,7.3
6493,Crooked House,6.4
6494,Winter's Tale,6.3
6495,The Marvels,0.0
6496,Reprisal,5.3
6497,"20,000 Leagues Under the Sea",7.1
6498,Dracula II: Ascension,5.5
6499,Double Dad,6.8
6500,Stargate: Continuum,7.1
6501,The God Committee,7.0
6502,Django,7.2
6503,What a Girl Wants,6.2
6504,The Current Occupant,5.6
6505,Naked Ambition 3D,5.1
6506,The Omen,7.4
6507,Sharknado 3: Oh Hell No!,4.7
6508,Monolith,5.2
6509,No Filter,5.8
6510,Astérix at the Olympic Games,5.2
6511,Soylent Green,6.9
6512,Phineas and Ferb: Mission Marvel,6.6
6513,Jane Eyre,7.2
6514,A Brighter Summer Day,8.3
6515,Killers Anonymous,4.8
6516,I.T.,5.4
6517,Angelique,6.9
6518,Blood of Redemption,4.9
6519,A Stork's Journey,6.0
6520,The Queen,7.0
6521,Death Wish,6.9
6522,Blindsided: The Game,8.4
6523,The Con Is On,4.1
6524,Cocktail,6.0
6525,Mongol: The Rise of Genghis Khan,6.7
6526,That Obscure Object of Desire,7.5
6527,Aurora Teagarden Mysteries: Haunted By Murder,5.0
6528,Ray,7.4
6529,Scooby-Doo! Moon Monster Madness,7.8
6530,House of the Dead 2,4.6
6531,Detective Conan: The Crimson Love Letter,6.5
6532,A Hard Day,7.1
6533,Nightmare Alley,7.2
6534,Sofia the First: Once Upon a Princess,7.1
6535,The Man Who Knew Too Much,7.5
6536,Monster High: Fright On!,6.3
6537,A Real Young Girl,5.3
6538,Batman Unlimited: Monster Mayhem,6.2
6539,Ulysses,6.4
6540,Official Secrets,7.3
6541,Mac and Me,4.2
6542,Mandy,6.2
6543,China Salesman,6.0
6544,Powder Blue,6.0
6545,Can't Hardly Wait,6.3
6546,Heavy Metal,6.5
6547,Being There,7.6
6548,Fun and Fancy Free,6.3
6549,Scrooged,6.8
6550,27 Dresses,6.4
6551,To Catch a Thief,7.4
6552,Escaflowne: The Movie,6.9
6553,The Mustang,7.0
6554,City of Angels,6.8
6555,Tales from the Crypt,6.8
6556,McLintock!,6.6
6557,Crocodile Dundee II,5.8
6558,Canon (Fidelidad al límite),4.3
6559,The X Files: I Want to Believe,5.7
6560,88 Minutes,5.7
6561,The Adventurer: The Curse of the Midas Box,5.6
6562,Prey,5.6
6563,One Wild Moment,5.8
6564,The Last Song,7.2
6565,Hotel Rwanda,7.7
6566,Dracula III: Legacy,4.9
6567,My Father's Other Family,1.5
6568,Devil's Due,4.6
6569,Bird on a Wire,6.2
6570,The Haunted Mansion,5.6
6571,Family Guy Presents: Stewie Griffin: The Untold Story,6.9
6572,Animals United,5.6
6573,Cube 2: Hypercube,5.5
6574,Mighty Joe Young,6.2
6575,Imitation of Life,7.5
6576,Cage Dive,4.6
6577,Thriller: A Cruel Picture,6.5
6578,The Big Blue,7.5
6579,I Am Not an Easy Man,6.3
6580,Girl,7.2
6581,Rugrats Go Wild,6.2
6582,The Voices,6.0
6583,Hellraiser: Hellseeker,4.9
6584,Quills,7.2
6585,7500,6.1
6586,One Piece: Strong World Episode 0,7.3
6587,Beyond White Space,4.7
6588,Minions: Puppy,7.3
6589,Junglee,6.7
6590,The Getaway,7.1
6591,Havoc,5.2
6592,Asakusa Kid,6.6
6593,Funeral Parade of Roses,7.4
6594,A Chinese Odyssey Part Two: Cinderella,7.5
6595,Anomalisa,7.1
6596,The Mothman Prophecies,6.2
6597,Harriet,7.3
6598,Batman: Return of the Caped Crusaders,6.5
6599,Double Jeopardy,6.5
6600,One Crazy Summer: A Look Back at Gravity Falls,2.0
6601,Gunfight at the O.K. Corral,7.0
6602,Say Anything...,7.1
6603,Slumber,5.3
6604,Kindergarten Cop 2,5.0
6605,Sniper,6.1
6606,The Jacket,6.9
6607,I Am Bruce Lee,7.7
6608,Detective Conan: The Private Eyes' Requiem,7.1
6609,"Naruto, the Genie, and the Three Wishes, Believe It!",7.9
6610,Thank You for Your Service,6.5
6611,Smokey and the Bandit II,5.6
6612,13,5.7
6613,Young Guns II,6.5
6614,Unknown,6.2
6615,The Treasures of Crimea,0.0
6616,Darc,6.2
6617,The Deep,6.0
6618,Father of the Bride Part II,6.2
6619,Chances Are,6.7
6620,The 36th Chamber of Shaolin,7.5
6621,1911,5.7
6622,Fate/stay night: Heaven's Feel III. Spring Song,7.6
6623,The Piano,7.4
6624,Spanglish,6.0
6625,Above Suspicion,6.0
6626,The Star Wars Holiday Special,3.3
6627,The Andromeda Strain,7.0
6628,The Invention of Lying,6.2
6629,Cinderela Pop,6.5
6630,Invincible,6.9
6631,Volver,7.5
6632,Cam Girls,0.0
6633,Backdraft 2,6.5
6634,Saving Mr. Banks,7.4
6635,Boys,7.6
6636,Tootsie,7.2
6637,Mr. Jones,6.6
6638,The Dirty Dozen,7.6
6639,Ranma ½,6.9
6640,The Flintstones in Viva Rock Vegas,4.8
6641,The Exorcism of Anna Ecklund,3.6
6642,History of the World: Part I,6.7
6643,"To Wong Foo, Thanks for Everything! Julie Newmar",7.3
6644,On Deadly Ground,4.7
6645,Little Miss Sunshine,7.7
6646,The Way Back,6.6
6647,Wonder Woman,7.3
6648,Hidden,6.6
6649,The Time Traveler's Wife,6.9
6650,The Wicker Man,4.3
6651,Dirty Dancing,5.5
6652,Primer,6.9
6653,One Piece: Episode of Luffy - Hand Island Adventure,6.8
6654,Viking Blood,6.4
6655,Monster High: Escape from Skull Shores,7.8
6656,An Optical Illusion - Interval,4.8
6657,Crayon Shin-chan: Shrouded in Mystery! The Flowers of Tenkazu Academy,7.0
6658,Barabbas,7.0
6659,Violent Cop,7.2
6660,Street Fighter II: The Animated Movie,6.9
6661,Earth and Blood,6.2
6662,The People vs. Larry Flynt,7.0
6663,Mengejar Surga,0.0
6664,The Ledge,7.1
6665,Monster High: New Ghoul at School,6.5
6666,Rules Don't Apply,5.8
6667,The Day After,6.7
6668,Bait,5.7
6669,Taking Lives,6.4
6670,Patriot Games,6.7
6671,Gokuraku sentô: Kyonyû yumomi,2.0
6672,Close,5.8
6673,Making The Witcher,7.7
6674,Adaptation.,7.4
6675,Alone,5.9
6676,Battle at Big Rock,7.1
6677,The Double Life of Véronique,7.6
6678,God's Own Country,7.8
6679,Raging Fire,7.2
6680,Osmosis Jones,6.5
6681,Eighth Grade,7.2
6682,You Were Never Really Here,6.5
6683,Derailed,6.3
6684,Animal Farm,6.9
6685,The Flowers of War,7.5
6686,The Ward,5.8
6687,Ovella,6.0
6688,Mutant Pumpkins from Outer Space,5.8
6689,Headhunters,7.3
6690,Lake Placid 3,5.4
6691,The Hand that Rocks the Cradle,6.8
6692,The Order,5.1
6693,Zombies: A Living History,6.7
6694,City of Ember,6.3
6695,In Fabric,5.6
6696,Killing Me Softly,5.5
6697,Force of Nature,5.2
6698,7th Floor,5.8
6699,When the Bough Breaks,5.8
6700,In the House,7.3
6701,Stripes,6.5
6702,Two Weeks Notice,6.3
6703,Doraemon: Nobita's Dinosaur,6.9
6704,Sister Act 2: Back in the Habit,6.4
6705,Spree,6.7
6706,Patch Adams,7.3
6707,The Bride,5.9
6708,Bad Boy Bubby,7.1
6709,Love Potion No. 9,6.1
6710,Azumi,6.8
6711,Dogma,6.9
6712,The Right One,6.8
6713,The Breed,5.3
6714,Seven Deadly Sins: Lust,6.3
6715,Can You Keep a Secret?,6.6
6716,Hellraiser: Revelations,3.7
6717,Homecoming: A Film by Beyoncé,8.2
6718,A Shaun the Sheep Movie: Farmageddon,7.0
6719,Hate by Dani Rovira,7.4
6720,White Men Can't Jump,6.6
6721,Baby Boom,6.4
6722,The Italian Job,7.0
6723,Night School,6.2
6724,Novitiate,6.4
6725,Ip Man,7.7
6726,Megan Leavey,7.3
6727,Iron Monkey,7.5
6728,Tequila Sunrise,6.1
6729,The Wizards Return: Alex vs. Alex,6.9
6730,11:14,6.8
6731,Drillbit Taylor,5.7
6732,The Perfection,6.6
6733,La Leyenda del Diamante,5.3
6734,The First King,7.1
6735,Battle of the Year,7.0
6736,Ebola Zombies,6.7
6737,Midnight Special,6.2
6738,Mission «Sky»,9.0
6739,All Monsters Attack,5.2
6740,Welcome Home Roscoe Jenkins,6.0
6741,Would You Rather,5.9
6742,The Other Man,5.3
6743,Chained Heat,5.0
6744,Fright Night,7.0
6745,Adventureland,6.4
6746,Family Vacation,5.7
6747,The Boat That Rocked,7.3
6748,St. Trinian's,6.0
6749,They Call Me Trinity,7.6
6750,Gia,7.1
6751,David and Goliath,5.8
6752,Let Him Go,6.9
6753,Mom's Friend 2,5.0
6754,The Visitors II: The Corridors of Time,6.0
6755,The Invisible Man,7.5
6756,The Dirt,7.5
6757,Capture the Flag,5.9
6758,Sword of Vengeance,5.0
6759,Nobody's Fool,6.2
6760,"A Fairly Odd Movie: Grow Up, Timmy Turner!",5.0
6761,Assassin's Creed: Embers,6.9
6762,Anna and the Apocalypse,6.2
6763,Into the Sun,4.3
6764,Flyboys,6.5
6765,Overrun,5.0
6766,Jack,6.3
6767,Ferdinand the Bull,6.5
6768,Demolition,6.7
6769,Crocodile,5.3
6770,Street Kings,6.6
6771,Friend Request,5.5
6772,Antigang,5.8
6773,My Girl 2,5.9
6774,Boy Erased,7.1
6775,The Mistress of Spices,6.0
6776,Mockingbird,4.7
6777,Chappaquiddick,6.1
6778,Charm City Kings,8.0
6779,The Opposite Sex,4.6
6780,Umma,0.0
6781,The Snow Queen: Mirror Lands,7.9
6782,The Brothers Bloom,6.6
6783,Shakespeare in Love,6.9
6784,Deck the Halls,5.5
6785,Murder She Said,7.3
6786,Hubie Halloween,6.0
6787,Wayne's World,6.7
6788,The Fearless Vampire Killers,7.1
6789,The Red Thread,6.3
6790,Crash,7.2
6791,Psycho II,6.4
6792,The Last Warrior,6.1
6793,Dog Day Afternoon,7.8
6794,I'm No Longer Here,7.8
6795,Ant-Man and the Wasp: Quantumania,0.0
6796,"Honey, We Shrunk Ourselves",5.5
6797,Crows Are White,0.0
6798,French Kiss,6.4
6799,The Courier,4.9
6800,Romeo and Juliet,7.4
6801,Unaccompanied Minors,6.0
6802,Analyze That,5.8
6803,Streets of Fire,6.8
6804,Inside Llewyn Davis,7.2
6805,Manhattan Night,6.0
6806,Inconceivable,5.7
6807,It Could Happen to You,6.5
6808,"Where'd You Go, Bernadette",6.7
6809,Interstella 5555: The 5tory of the 5ecret 5tar 5ystem,7.9
6810,The Apartment,8.2
6811,"McFarland, USA",7.4
6812,Witness for the Prosecution,8.2
6813,Tokyo Story,8.3
6814,Joint Security Area,7.9
6815,The Ghost and the Darkness,6.7
6816,Sweet November,6.8
6817,Loving Vincent,8.1
6818,Best Sellers,6.2
6819,Field of Dreams,7.1
6820,The Raffle,7.1
6821,Three Days of the Condor,7.3
6822,Tag,6.7
6823,Dark Water,6.7
6824,Redbad,6.4
6825,Archive,6.2
6826,Resident Evil: Keeper's Diary,8.7
6827,The Right Stuff,7.4
6828,A Night to Remember,7.5
6829,Killshot,5.7
6830,Lake Placid 2,5.1
6831,Shiva Baby,7.2
6832,A Nightmare on Elm Street 3: Dream Warriors,6.6
6833,Bad Cat,6.7
6834,Cold Prey,6.2
6835,A Fantastic Woman,7.1
6836,Naked Killer,5.4
6837,Shark Bait,5.1
6838,Meatballs,5.8
6839,For Whom the Bell Tolls,6.7
6840,When We First Met,6.6
6841,"Jakarta, City of Dreamers",0.0
6842,Santa Buddies,5.9
6843,Letters from Iwo Jima,7.5
6844,Cucuy: The Boogeyman,7.0
6845,Sex Pot,4.3
6846,Secretariat,7.4
6847,Chronicles of the Ghostly Tribe,5.7
6848,Dr. Dolittle 3,5.2
6849,Hulk vs. Thor,6.8
6850,Take the Lead,6.9
6851,The Message,7.3
6852,Cabin Fever 2: Spring Fever,4.4
6853,Kill Me Three Times,5.6
6854,Raped by an Angel 4: The Rapist's Union,5.8
6855,Fright Night,6.2
6856,Poetic Justice,6.8
6857,Backstabbing for Beginners,6.3
6858,The Covenant,5.5
6859,Expelled,5.9
6860,"Roman J. Israel, Esq.",6.3
6861,Falling Inn Love,6.6
6862,Behind the Curve,6.3
6863,Inventing the Abbotts,6.4
6864,Confessions of a Brazilian Call Girl,6.3
6865,Chaplin,7.5
6866,Urban Legends: Bloody Mary,5.0
6867,The Legend of Bagger Vance,6.5
6868,Stalked by My Neighbor,5.7
6869,Geek Charming,6.6
6870,Dragon Ball: Goku's Fire Brigade,6.7
6871,Flubber,5.6
6872,Drake & Josh Go Hollywood,7.2
6873,Hold the Dark,5.3
6874,Gomorrah,6.9
6875,Rogue,6.5
6876,Fear,6.3
6877,City Lights,8.4
6878,The Rocky Horror Picture Show: Let's Do the Time Warp Again,5.3
6879,Snow Falling on Cedars,6.2
6880,Color of Night,5.7
6881,Stranger Things,8.3
6882,Now Is Good,7.4
6883,Reign of Assassins,6.8
6884,The Magic Roundabout,5.4
6885,Rent,6.8
6886,The Story of My Wife,4.9
6887,Brotherhood of Blades II: The Infernal Battlefield,6.5
6888,Kamikaze Girls,7.0
6889,The Boss,5.9
6890,Tie Me Up! Tie Me Down!,6.9
6891,Flower,6.5
6892,Colorful,7.3
6893,Ploey: You Never Fly Alone,6.2
6894,The Rifleman of the Voroshilov Regiment,7.2
6895,The Flyboys,7.6
6896,My Bloody Valentine,6.5
6897,Retribution,6.8
6898,Banana,7.1
6899,Night of the Living Dead,7.7
6900,Teen Spirit,6.2
6901,Kiss the Girls,6.5
6902,Ghost Graduation,6.5
6903,A Man Apart,6.1
6904,Armed Response,5.3
6905,The Rainmaker,7.0
6906,My Stepmother Is an Alien,5.7
6907,Spooky Buddies,6.2
6908,Boa vs. Python,5.0
6909,Annie Hall,7.8
6910,Barefoot in the Park,7.1
6911,Accepted,6.4
6912,Traffic,7.1
6913,Forbidden Planet,7.3
6914,Candy Jar,6.3
6915,Red Eye,6.3
6916,The 7th Voyage of Sinbad,6.9
6917,Rurouni Kenshin: Requiem for the Ishin Patriots,6.6
6918,Futurama: Bender's Game,6.9
6919,Team America: World Police,6.7
6920,A Man Called Ove,7.6
6921,Sunset Boulevard,8.4
6922,The Sisters Brothers,6.8
6923,Buffalo '66,7.1
6924,Pathfinder,5.7
6925,Viral,5.6
6926,Keep Watching,5.1
6927,After the Dark,6.1
6928,Black Beauty,8.3
6929,David Attenborough: A Life on Our Planet,8.5
6930,Compartment No. 6,7.3
6931,Flower and Snake 4: White Uniform Rope Slave,4.5
6932,The Natural,6.9
6933,Two Night Stand,6.4
6934,Black Christmas,7.0
6935,Fred Claus,5.8
6936,Christmas Inheritance,6.4
6937,Poison Ivy: The New Seduction,4.8
6938,Urotsukidōji: Legend of the Overfiend,6.1
6939,Fluke,7.1
6940,Dangerous Beauty,7.2
6941,Look Who's Talking,6.3
6942,Cellular,6.4
6943,The Ipcress File,6.8
6944,Under the Stars of Paris,7.0
6945,Porky's II: The Next Day,5.7
6946,The Stanford Prison Experiment,6.9
6947,The Choice,7.2
6948,Fathers and Daughters,7.1
6949,Deadpool and Korg React,0.0
6950,Initial D,6.7
6951,Ocean's Eleven,6.5
6952,iCarly: iGo to Japan,6.9
6953,Four Christmases,5.8
6954,14 Blades,6.4
6955,In Dubious Battle,5.9
6956,Turbo Kid,6.6
6957,The Tournament,5.9
6958,Billy & Mandy's Big Boogey Adventure,7.9
6959,Hudson Hawk,5.7
6960,Daddy Day Care,5.9
6961,The Duel,5.4
6962,Offseason,0.0
6963,Detective Conan: Quarter of Silence,7.0
6964,Crows Zero,7.1
6965,Speak,6.8
6966,Shall We Dance?,6.3
6967,The Whole Nine Yards,6.4
6968,The Merchant of Venice,6.8
6969,Bent,5.3
6970,The Kings of Summer,7.0
6971,The Siege,6.3
6972,Antrum,5.9
6973,Steve Jobs,6.8
6974,Happy Together,7.6
6975,A Perfect Ending,6.3
6976,The Legend of 1900,8.3
6977,Westworld,6.7
6978,Mr. Holmes,6.5
6979,The Countess,5.9
6980,Magnolia,7.7
6981,Andrei Rublev,8.2
6982,The Farm,5.3
6983,The 16th Episode,4.4
6984,Kill Your Darlings,7.1
6985,Office Love: Behind Closed Doors,4.0
6986,Virtuosity,5.4
6987,The First Wives Club,6.7
6988,A Change of Seasons,5.9
6989,Modern Times,8.3
6990,8½,8.2
6991,Transformers: Prime Beast Hunters: Predacons Rising,8.4
6992,Taylor Swift: Reputation Stadium Tour,8.2
6993,The Warlords,6.7
6994,The Reckoning,5.4
6995,Mank,6.8
6996,Incendies,8.1
6997,Rifkin's Festival,6.3
6998,Spontaneous,7.0
6999,The Thief of Bagdad,7.2
7000,Interview with a Hitman,5.4
7001,Avicii: True Stories,8.0
7002,Funny Games,7.3
7003,The Main Event,6.7
7004,"Secretly, Greatly",7.1
7005,Synchronic,6.3
7006,Killing Them Softly,6.0
7007,Detective Dee: The Four Heavenly Kings,6.2
7008,Dou kyu sei – Classmates,8.6
7009,Song to Song,5.4
7010,Shark Night 3D,5.0
7011,Spinning Man,5.5
7012,Kika,6.7
7013,Me and Earl and the Dying Girl,7.6
7014,About Last Night,6.0
7015,Little Children,7.1
7016,Gigli,4.0
7017,M,8.1
7018,Problem Child 3: Junior in Love,4.4
7019,The Fall of the Roman Empire,6.5
7020,Last Man Standing,6.3
7021,The Little Prince(ss),7.2
7022,The Reluctant Fundamentalist,6.6
7023,May God Save Us,6.7
7024,Sex School: Dorms of Desire,9.0
7025,Romeo & Juliet,6.8
7026,Far from the Madding Crowd,7.0
7027,The Edge,6.8
7028,Suburbicon,5.8
7029,Death Race 2000,6.1
7030,Everything You Always Wanted to Know About Sex *But Were Afraid to Ask,6.6
7031,Curve,7.2
7032,Hey Arnold! The Movie,6.5
7033,Mardock Scramble: The Second Combustion,6.5
7034,Close My Eyes,6.1
7035,The Half of It,7.2
7036,The Secret of NIMH,7.5
7037,The Girlfriend Experience,5.0
7038,The Prince & Me,6.2
7039,Road Trip,6.1
7040,The Visitors,7.1
7041,Kicks,6.6
7042,Green Room,6.7
7043,Flashdance,6.5
7044,Lucky Trouble,6.0
7045,Intolerable Cruelty,6.0
7046,Before the Fall,7.1
7047,6 Days,6.0
7048,Heroes: Silence and Rock & Roll,8.6
7049,Bring the Soul: The Movie,8.9
7050,Knight of Cups,5.6
7051,Senseless,6.1
7052,Staying Alive,5.7
7053,"I, Daniel Blake",7.8
7054,We Have Always Lived in the Castle,5.3
7055,Shut In,6.5
7056,Transformers,6.7
7057,Lizzie,6.2
7058,The Insider,7.5
7059,Popeye,5.4
7060,The Order,5.4
7061,Queen of the Damned,6.0
7062,Youth,6.9
7063,Two Mules for Sister Sara,7.0
7064,Vertical Limit,6.0
7065,Turner & Hooch,6.4
7066,Words Bubble Up Like Soda Pop,7.4
7067,Martin Eden,7.0
7068,Yojimbo,8.2
7069,Our Little Sister,7.5
7070,The Nanny Diaries,6.3
7071,Bill & Ted's Excellent Adventure,6.9
7072,Turbulence,5.3
7073,Grandma,6.4
7074,Pawn Sacrifice,6.7
7075,Persona 3 the Movie: #1 Spring of Birth,7.3
7076,The Thousand Faces of Dunjia,5.9
7077,Ruby Sparks,7.1
7078,La civil,4.3
7079,Pawn Shop Chronicles,5.8
7080,November Criminals,5.3
7081,Jumanji,7.2
7082,Sex Game 6969,2.0
7083,Last Knights,6.5
7084,Emerald Green,7.0
7085,Ghost Shark,5.2
7086,The Cutting Edge: Going for the Gold,6.5
7087,A Private War,6.8
7088,Bosomy Mom,6.7
7089,The Last Dragonslayer,5.9
7090,An American Tail: The Treasure of Manhattan Island,6.3
7091,Miss Viborg,0.0
7092,Dead Space: Downfall,6.1
7093,Tora! Tora! Tora!,7.1
7094,Death Note: Light Up the New World,6.4
7095,The Eagle,6.2
7096,El Gringo,6.0
7097,A Bittersweet Life,7.5
7098,The Hours,7.3
7099,Shelter,7.8
7100,A Nice Girl Like You,5.9
7101,Deep Rising,6.1
7102,Black Snake Moan,6.9
7103,Cave,4.3
7104,The Night Porter,6.8
7105,A Beautiful Day in the Neighborhood,7.0
7106,Mother,7.8
7107,The Fury,6.3
7108,Side Effects,6.6
7109,The Killers,7.4
7110,Kakurenbo: Hide & Seek,5.9
7111,Beethoven's 2nd,5.5
7112,Paris Can Wait,5.8
7113,The Rookie,6.7
7114,Joy,6.5
7115,Elles,5.4
7116,2:22,6.0
7117,Royal Space Force - The Wings Of Honneamise,6.8
7118,The Motorcycle Diaries,7.4
7119,Nana,6.5
7120,Red Cliff,7.2
7121,Convergence: Courage in a Crisis,6.0
7122,Earthquake Bird,5.9
7123,Commitment,7.3
7124,Ramona and Beezus,6.5
7125,6 Souls,6.0
7126,Walking Tall,6.7
7127,Old Yeller,7.0
7128,The Return of the Pink Panther,6.8
7129,Shiny_Flakes: The Teenage Drug Lord,7.9
7130,Blue Thunder,6.0
7131,Katy Perry: Part of Me,7.1
7132,Destroyer,5.9
7133,One Week Friends,7.0
7134,Superintelligence,6.0
7135,Don't Look Now,7.0
7136,The Girl Who Played with Fire,7.0
7137,Girl,6.4
7138,The Hunt,8.1
7139,The Colony,5.4
7140,Mythica: A Quest for Heroes,6.0
7141,Moonrise Kingdom,7.7
7142,Murder by Numbers,6.1
7143,Gabriel's Rapture: Part One,8.3
7144,Best of the Best,6.5
7145,"The Good, the Bad, the Weird",7.1
7146,The Dead Zone,7.0
7147,Stolen by Their Father,4.5
7148,Valhalla,5.0
7149,Cadet Kelly,6.2
7150,Endless Love,6.9
7151,DOA: Dead or Alive,5.2
7152,Mercy,5.0
7153,Henry & June,6.2
7154,Miami Supercops,6.4
7155,4/20 Massacre,6.0
7156,Grandma's Boy,6.6
7157,Nicky Larson and the Cupid's Perfume,6.5
7158,Alien Nation,6.0
7159,The Sacrifice,7.7
7160,The Manchurian Candidate,6.4
7161,Fiddler on the Roof,7.8
7162,Rabid,6.4
7163,The Brass Teapot,6.1
7164,Kon-Tiki,6.9
7165,The House of the Devil,6.3
7166,And So It Goes,6.1
7167,The Delta Force,5.9
7168,Up and Away,6.2
7169,Snake Eyes,6.1
7170,An Affair to Die For,6.0
7171,Like Mike,6.1
7172,Lady Chatterley's Lover,5.3
7173,The Phantom of the Opera at the Royal Albert Hall,8.5
7174,The After Party,6.3
7175,The Cheetah Girls,6.0
7176,Cabaret,7.4
7177,Always,6.3
7178,Let the Bullets Fly,7.3
7179,La Dolce Vita,8.2
7180,The Musketeer,5.3
7181,Tightrope,6.1
7182,Labor Day,6.9
7183,The Hills Have Eyes,6.2
7184,Lords of Scam,6.8
7185,The Last Man,5.7
7186,My Cousin Vinny,7.4
7187,Rebel Without a Cause,7.6
7188,The Wedding Banquet,7.2
7189,Freeheld,7.3
7190,"Lock, Stock and Two Smoking Barrels",8.2
7191,A Walk in the Woods,6.0
7192,From the Land of the Moon,6.6
7193,Hatchet II,5.5
7194,Rampage,6.0
7195,One Missed Call,5.5
7196,Luxor,7.5
7197,Hellbender,6.0
7198,Hachi-ko,7.7
7199,Alligator,5.8
7200,Crash Pad,5.7
7201,Like Mike 2: Streetball,5.4
7202,Lost and Delirious,6.9
7203,Piranha Sharks,6.9
7204,The Stepfather,6.5
7205,Hurricane,5.9
7206,Ages of Love,5.3
7207,Oliver!,7.0
7208,Yu Pui Tsuen III,6.0
7209,Tidal Wave,6.7
7210,Funny Games,6.6
7211,Two by Two: Overboard!,7.7
7212,Miracles,7.0
7213,The Endless,6.3
7214,Grace of Monaco,6.0
7215,GirlHouse,6.0
7216,Powder,6.9
7217,LEGO DC Comics Super Heroes: Justice League: Cosmic Clash,6.4
7218,Dressed to Kill,6.9
7219,Breaking News in Yuba County,5.9
7220,Hope Springs,6.2
7221,The Big Hit,5.9
7222,A Company Man,6.8
7223,Sexual Predator,4.9
7224,Romy and Michele's High School Reunion,6.3
7225,Anatomy of a Murder,7.9
7226,Vampyros Lesbos,5.7
7227,Herbie Goes to Monte Carlo,5.9
7228,A Hero,7.5
7229,Ammonite,7.1
7230,The Mad Adventures of Rabbi Jacob,7.4
7231,Fate/Grand Order: First Order,6.7
7232,Scooby-Doo and the Ghoul School,7.5
7233,Furious,6.3
7234,Sex: A Relationship and Not Marriage,6.5
7235,Student Services,5.0
7236,Naruto Bersyukur,7.8
7237,Once Upon a Time in Serbia,0.0
7238,Jessabelle,5.4
7239,Mississippi Burning,7.7
7240,Malibu Rescue,6.4
7241,Black Mirror: Bandersnatch,6.8
7242,The Taming of the Scoundrel,7.1
7243,Fellini Satyricon,6.8
7244,Goyo: En Letra de Otro,0.0
7245,Just Friends,6.2
7246,12 Rounds 2: Reloaded,5.6
7247,14 and Under,5.6
7248,Paths of Glory,8.3
7249,The Taking of Deborah Logan,6.4
7250,Snow Buddies,6.1
7251,Hotel for Dogs,6.0
7252,Chicago,7.1
7253,The Poseidon Adventure,7.2
7254,LEGO Jurassic World: The Secret Exhibit,5.8
7255,Come Away,6.0
7256,StreetDance 3D,6.4
7257,Manual of Love 2,5.4
7258,Erased,6.0
7259,Blue Valentine,6.9
7260,Stronger,7.0
7261,Election,7.0
7262,Baggio: The Divine Ponytail,6.5
7263,How to Steal a Million,7.5
7264,The Man with One Red Shoe,5.8
7265,Angel of Mine,6.3
7266,John Tucker Must Die,6.2
7267,Same Kind of Different as Me,6.9
7268,Hell Baby,5.1
7269,Striking Distance,5.8
7270,My Babysitter's a Vampire,7.0
7271,Embrace of the Serpent,7.7
7272,Jakob the Liar,6.5
7273,The Devil's Rejects,6.8
7274,Hush,6.8
7275,21 Grams,7.4
7276,The Flintstones & WWE: Stone Age SmackDown!,7.2
7277,Curly Sue,6.4
7278,My Lucky Stars,6.4
7279,R.A.I.D. Special Unit,5.8
7280,My Name Is Nobody,7.3
7281,Tower Block,5.9
7282,In a Valley of Violence,6.0
7283,Tell It to the Bees,7.5
7284,Identifying Features,6.8
7285,Amen.,7.0
7286,House on Haunted Hill,5.6
7287,The Sisterhood of the Traveling Pants,6.5
7288,Macbeth,6.5
7289,And Soon the Darkness,5.2
7290,Sobibor,6.6
7291,Monster Island,5.5
7292,30 Nights of Paranormal Activity With the Devil Inside the Girl With the Dragon Tattoo,4.1
7293,Phantom Halo,6.1
7294,The Land Before Time XI: Invasion of the Tinysauruses,6.2
7295,LEGO Jurassic World: The Indominus Escape,5.6
7296,Jiro Dreams of Sushi,7.8
7297,Dream House,6.1
7298,The Day the Earth Stood Still,7.5
7299,Ms .45,6.6
7300,Cool Hand Luke,7.8
7301,The To Do List,5.7
7302,Crayon Shin-chan: Unkokusai's Ambition,5.8
7303,Courage Under Fire,6.4
7304,Tom and Jerry: The Lost Dragon,5.8
7305,Cantinflas,6.4
7306,Green Zone,6.5
7307,The Enforcer,6.8
7308,The Search for Santa Paws,6.3
7309,The Human Condition II: Road to Eternity,8.4
7310,Marvel Knights: Eternals,7.6
7311,The New Guy,5.9
7312,The Hunter's Prayer,5.7
7313,The Absent One,7.1
7314,Nine Lives,5.7
7315,All American Bikini Car Wash,4.4
7316,2046,7.2
7317,Kiki's Delivery Service,6.7
7318,Days of Being Wild,7.3
7319,Quarantine,5.8
7320,The Wasteland,0.0
7321,American Pastoral,6.1
7322,Above the Shadows,6.9
7323,The Doors,7.1
7324,Futurama: Into the Wild Green Yonder,7.1
7325,Little Bitches,5.6
7326,El padrino: The Latin Godfather,6.1
7327,The Eye,6.5
7328,"Paris, 13th District",7.2
7329,The Kid,6.5
7330,A League of Their Own,7.2
7331,Water Lilies,6.4
7332,Miracle on 34th Street,7.4
7333,Ronal the Barbarian,6.0
7334,Made in Dagenham,6.7
7335,The Limehouse Golem,6.2
7336,Cyrano de Bergerac,7.3
7337,Operation Petticoat,7.1
7338,ASSEMBLED: The Making of Hawkeye,6.1
7339,The Last Unicorn,7.2
7340,Un Chien Andalou,7.5
7341,The Hurricane,7.4
7342,The Greatest Game Ever Played,7.2
7343,Joy Ride 3,5.4
7344,Antitrust,6.0
7345,Chocolate,7.4
7346,The Royal Tenenbaums,7.5
7347,Van Helsing: The London Assignment,6.3
7348,Norman: The Moderate Rise and Tragic Fall of a New York Fixer,5.5
7349,Franco Escamilla: Por La Anécdota,9.2
7350,The Thomas Crown Affair,6.9
7351,Spy Hard,5.3
7352,Lovestruck: The Musical,6.5
7353,Kaboom,5.7
7354,Masters of the Universe,5.7
7355,Sing Street,7.9
7356,The Last Word,6.6
7357,The Protector,6.1
7358,The Hustler,7.8
7359,Omen III: The Final Conflict,5.8
7360,Dr. Jekyll and Mr. Hyde,7.3
7361,How I Live Now,6.6
7362,Hellboy Animated: Blood and Iron,6.2
7363,Mimic 2,5.2
7364,The Switch,6.2
7365,The Miracle Maker,5.8
7366,The Santa Clause 3: The Escape Clause,5.4
7367,Infernal Affairs,7.8
7368,Day of the Mummy,5.0
7369,Le Samouraï,7.9
7370,The Siege of Jadotville,7.2
7371,My Partner 2.0,2.0
7372,The Book of Love,6.4
7373,The Sweetest Thing,5.5
7374,The Curse of Sleeping Beauty,4.9
7375,Swimming Pool,6.5
7376,Final Analysis,5.6
7377,Cube Zero,5.7
7378,Jo Pil-ho: The Dawning Rage,6.1
7379,Girl in the Box,6.9
7380,Third Person,5.9
7381,The Campaign,5.8
7382,Barney's Version,7.1
7383,3 Ninjas,5.8
7384,Ugetsu,8.1
7385,The Gallows,5.0
7386,The Beatles: Eight Days a Week - The Touring Years,7.6
7387,The Painted Veil,7.3
7388,Blancanieves,7.3
7389,Darkman,6.4
7390,Project A: Part II,7.1
7391,Disaster Movie,3.3
7392,Charlie Wilson's War,6.6
7393,Cry-Baby,6.6
7394,Milk,7.3
7395,Like a Cat on a Highway,6.5
7396,The Devil's Double,6.7
7397,The Sun Is Also a Star,7.0
7398,White Fang 2: Myth of the White Wolf,6.6
7399,Survival of the Dead,4.9
7400,Not Without My Daughter,6.5
7401,Uncle Buck,6.8
7402,Videodrome,7.3
7403,Vampires,6.3
7404,Money Train,5.8
7405,Gloria,5.9
7406,Your Highness,5.3
7407,For Love or Money,6.2
7408,Beavis and Butt-Head Do America,6.6
7409,Philomena,7.4
7410,Glengarry Glen Ross,7.4
7411,My Sex Doll,9.0
7412,Bad Girls,5.4
7413,The Whole Ten Yards,5.7
7414,The French Lieutenant's Woman,6.4
7415,A Taxi Driver,8.1
7416,Gambit,5.4
7417,Overboard,6.8
7418,The Incredible Burt Wonderstone,5.6
7419,Wuthering Heights,7.3
7420,El Padrecito,7.9
7421,Holidays,5.0
7422,The Arrival,6.0
7423,Coco Before Chanel,6.9
7424,Morning Glory,6.3
7425,In the Heat of the Night,7.7
7426,Sissi: The Fateful Years of an Empress,7.3
7427,Cookies,6.4
7428,Sky Captain and the World of Tomorrow,5.8
7429,The Sucker,7.4
7430,Appleseed: Ex Machina,6.5
7431,Masterminds,5.7
7432,Amour,7.8
7433,"Synecdoche, New York",7.6
7434,When a Man Loves a Woman,6.5
7435,Sense and Sensibility,7.5
7436,Marvel Rising: Secret Warriors,7.0
7437,Premature,5.5
7438,Cleaner,6.1
7439,Kingpin,6.5
7440,A Family Man,6.7
7441,The Glimmer Man,5.4
7442,Paulie,6.8
7443,The Great Gatsby,6.3
7444,The Bounty,6.7
7445,Out of the Furnace,6.6
7446,Cape Fear,7.2
7447,Purpose of Reunion 3,0.0
7448,Class,5.9
7449,Blind Fury,6.6
7450,El Mariachi,6.7
7451,Five Nights at Freddy's: The Fan Film,2.0
7452,Beauty Shop,6.1
7453,Found,7.6
7454,Land,6.9
7455,Sabrina,7.5
7456,Sleeping with the Enemy,6.4
7457,Secret Admirer,7.1
7458,Malevolent,5.0
7459,American Me,7.4
7460,Selma,7.4
7461,Woman in the Dunes,8.3
7462,To Live,7.9
7463,City of Life and Death,7.5
7464,The Twins Effect,5.9
7465,Changing Lanes,6.2
7466,Relic,6.0
7467,Babel,7.2
7468,Heroic Losers,7.7
7469,Apollo 11,7.9
7470,Split Second,6.0
7471,Failure to Launch,5.8
7472,Racing Stripes,5.8
7473,Any Which Way You Can,5.9
7474,Yellowbeard,5.5
7475,Martha Marcy May Marlene,6.7
7476,The Postman Always Rings Twice,6.5
7477,The Driver,7.2
7478,The Call,7.6
7479,The Banana Splits Movie,6.9
7480,Scooby-Doo! and the Gourmet Ghost,8.3
7481,Poseidon Rex,3.9
7482,London Boulevard,5.9
7483,Crime Story,6.6
7484,Untold: Malice at the Palace,7.1
7485,The Young Victoria,7.2
7486,Maniac,6.0
7487,Night of the Demon,7.1
7488,Blackfish,7.9
7489,The Marine 4: Moving Target,6.4
7490,The Night Eats the World,6.0
7491,Victoria & Abdul,7.0
7492,The Last King of Scotland,7.5
7493,Pinocchio,4.8
7494,The Triplets of Belleville,7.4
7495,Dance Flick,4.7
7496,Zombie Shark,4.2
7497,Maximum Overdrive,5.7
7498,Big Legend,6.5
7499,Then Came You,7.5
7500,The Lair of the White Worm,5.9
7501,Save the Last Dance,6.6
7502,Marmalade Boy,5.5
7503,Hot Tub Time Machine,6.0
7504,Explorers,6.3
7505,The New World,6.5
7506,Evening,5.8
7507,Good Omens: Lockdown,8.5
7508,Emanuelle and the Last Cannibals,4.7
7509,"Paris, Je T'Aime",6.8
7510,Once,7.4
7511,Patient Zero,5.3
7512,"See No Evil, Hear No Evil",6.7
7513,Scream Queen Hot Tub Party,6.6
7514,Finding Neverland,7.3
7515,DeadTectives,6.1
7516,Macross Plus: Movie Edition,7.0
7517,Great Expectations,6.6
7518,My Salinger Year,6.4
7519,Folklore: The Long Pond Studio Sessions,8.6
7520,Digimon Adventure tri. Part 1: Reunion,6.6
7521,The Man with the Iron Fists,5.5
7522,Mary and Max,7.9
7523,The Fundamentals of Caring,7.3
7524,The Sleeping Dictionary,6.6
7525,The Librarian: The Curse of the Judas Chalice,6.2
7526,Taking Woodstock,6.2
7527,Ice Princess,6.4
7528,The Apostle Peter: Redemption,7.3
7529,Time Lapse,6.5
7530,"Yours, Mine & Ours",6.1
7531,The Towering Inferno,7.0
7532,Bronson,7.0
7533,Poison Ivy,5.3
7534,I Love You Phillip Morris,6.4
7535,The Transformers: The Movie,7.2
7536,The Walk,7.0
7537,Fatal Affair,5.8
7538,The Beguiled,7.0
7539,Runaway Train,7.0
7540,Jack Frost,5.9
7541,El Dorado,7.4
7542,Giant Little Ones,7.4
7543,Dracula,7.3
7544,Wings of Desire,7.8
7545,Kim Possible: So the Drama,6.9
7546,Asterix Conquers America,6.2
7547,An American Tail,6.7
7548,Mission to Mars,6.0
7549,Female War: A Nasty Deal,3.5
7550,Brother 2,7.5
7551,Life of Brian,7.8
7552,The Missing,6.3
7553,Utøya: July 22,7.3
7554,The Invisible Boy,6.2
7555,Executive Decision,6.2
7556,Junior,5.1
7557,Driven,5.1
7558,Solaris,5.9
7559,Sexy Beast,7.0
7560,Moonstruck,6.8
7561,Double Indemnity,8.2
7562,The Chinese Widow,7.4
7563,Hereafter,6.0
7564,Club Dread,5.2
7565,Jack Frost,5.2
7566,One Fine Day,6.4
7567,Proximity,6.2
7568,Jagame Thandhiram,6.3
7569,Anastasia: Once Upon a Time,6.2
7570,Her Blue Sky,7.1
7571,Rumble Fish,7.0
7572,Jersey Boys,6.8
7573,Smokey and the Bandit,6.9
7574,Europa Europa,7.3
7575,Get Married If You Can,7.4
7576,A Common Man,6.1
7577,Lupin the Third vs. Detective Conan,7.0
7578,Bombshell: The Hedy Lamarr Story,7.0
7579,A Go! Go! Cory Carson Christmas,6.9
7580,A Better Tomorrow II,7.1
7581,The Skin of the Wolf,5.2
7582,Safe Haven,7.2
7583,The Miracle Season,7.3
7584,The Room,6.4
7585,The Housemaid,6.4
7586,A Night of Horror: Nightmare Radio,5.6
7587,3-Headed Shark Attack,4.1
7588,Eddie the Eagle,7.2
7589,Ranma ½: The Movie 2 — The Battle of Togenkyo: Rescue the Brides!,8.0
7590,The Ghost Writer,6.8
7591,The Influence,4.8
7592,Ad Astra,6.1
7593,Space Buddies,5.8
7594,Fan-Fan the Tulip,5.4
7595,Detective Conan: The Time Bombed Skyscraper,7.1
7596,Real Genius,6.6
7597,High Fidelity,7.2
7598,7 Days in Entebbe,5.8
7599,Date A Live: Mayuri Judgment,7.9
7600,Black Dog,6.2
7601,Water for Elephants,6.9
7602,Three Colors: Red,8.0
7603,Chariots of Fire,6.9
7604,Monsters: Dark Continent,4.7
7605,Out of Sight,6.6
7606,Never Been Kissed,6.2
7607,Clockstoppers,5.2
7608,The Fog,4.4
7609,Legacy of Lies,5.6
7610,The Swan Princess: The Mystery of the Enchanted Kingdom,6.0
7611,Destruction: Los Angeles,5.5
7612,Dog Soldiers,6.7
7613,Plus One,7.1
7614,Those Magnificent Men in Their Flying Machines or How I Flew from London to Paris in 25 hours 11 minutes,6.8
7615,Color of Love,5.8
7616,Candy,7.1
7617,Alvin and the Chipmunks Meet Frankenstein,7.0
7618,Citizen Toxie: The Toxic Avenger IV,6.5
7619,Pale Rider,7.2
7620,Sugar & Spice,6.4
7621,Enter the Void,7.4
7622,Bandits,6.3
7623,Sink or Swim,6.9
7624,Mom and Dad,5.2
7625,Poison Ivy 2: Lily,4.8
7626,Christmas with a View,5.8
7627,The Pelican Brief,6.5
7628,I Am Woman,7.0
7629,Family Guy Presents: It's a Trap!,6.8
7630,Forbidden Quest,5.6
7631,My Super Ex-Girlfriend,5.0
7632,Infamous,5.9
7633,The Patriot,5.5
7634,Exam,6.7
7635,Femme Fatale,6.2
7636,Hamburger Hill,6.5
7637,The Tailor of Panama,6.1
7638,Queen of Katwe,7.2
7639,Wyatt Earp,6.7
7640,Capricorn One,6.8
7641,Top Cat Begins,6.6
7642,If I Were a Boy,5.3
7643,Hot Summer Nights,6.7
7644,The Notorious Bettie Page,6.3
7645,Police Academy 6: City Under Siege,5.1
7646,October Sky,7.6
7647,The City of Lost Children,7.4
7648,The Best Exotic Marigold Hotel,6.9
7649,Nim's Island,5.9
7650,Occupation,4.4
7651,Honey,6.3
7652,Swiss Family Robinson,6.9
7653,The Cabbage Soup,6.4
7654,Women in Fury,3.9
7655,LEGO Scooby-Doo! Blowout Beach Bash,7.4
7656,August: Osage County,6.9
7657,Krull,6.0
7658,A Fortunate Man,6.8
7659,Be Somebody,6.6
7660,3 from Hell,5.8
7661,What Doesn't Kill You,6.1
7662,The Room,4.1
7663,Aftershock,5.1
7664,According to Greta,6.1
7665,Shrek the Musical,7.3
7666,Sexo Profundo,8.0
7667,11-11-11,4.6
7668,Rape Zombie: Lust of the Dead 3,5.9
7669,Corona Zombies,4.7
7670,Emmanuelle: Queen of Sados,4.8
7671,Ruby & Quentin,6.7
7672,The Boondock Saints II: All Saints Day,6.0
7673,Trespass Against Us,5.8
7674,Aline,7.1
7675,Sniper: Reloaded,6.1
7676,Gone Baby Gone,7.3
7677,Parenthood,6.7
7678,The Wizard of Lies,6.6
7679,The Perfect Dictatorship,7.3
7680,Getaway,5.1
7681,Bad Santa,6.5
7682,Rogue Warfare,5.6
7683,Manhunt,5.6
7684,"Tomorrow, When the War Began",6.2
7685,The Awakening,6.4
7686,Celebrity Sex Tape,4.0
7687,Occupation: Rainfall,5.8
7688,United 93,7.1
7689,Punch-Drunk Love,7.1
7690,Scooby-Doo! Meets the Boo Brothers,7.4
7691,Kuch Kuch Hota Hai,7.7
7692,Elisa & Marcela,7.4
7693,Music and Lyrics,6.4
7694,Four Rooms,5.7
7695,Blow Out,7.3
7696,The Monster,5.5
7697,El Cid,6.9
7698,A Christmas Prince: The Royal Baby,6.4
7699,Avalon High,6.2
7700,Planetarium,4.6
7701,Taylor Swift: The 1989 World Tour - Live,8.4
7702,Kabhi Khushi Kabhie Gham,7.8
7703,Fired Up!,6.1
7704,Adventures of Bailey: The Lost Puppy,5.7
7705,The Chronicles of Riddick,6.5
7706,Detective Conan: The Fourteenth Target,7.1
7707,Everybody Knows,6.5
7708,La Belle Noiseuse,7.3
7709,A Single Man,7.3
7710,Savages,6.3
7711,The Frighteners,6.9
7712,One Eight Seven,6.6
7713,Semper Fi,6.0
7714,First Daughter,6.2
7715,Bordertown,6.3
7716,Urban Legends: Final Cut,4.8
7717,Womb,6.1
7718,Walking Out,5.7
7719,Riki-Oh: The Story of Ricky,6.7
7720,Little Lips,5.3
7721,Kill the Irishman,6.8
7722,The Last American Virgin,6.5
7723,Legal Eagles,6.0
7724,2012: Ice Age,4.4
7725,Grumpy Old Men,6.6
7726,Wolf,6.1
7727,3 Ninjas Knuckle Up,5.2
7728,The Muppet Christmas Carol,7.4
7729,Bram Stoker's Van Helsing,5.9
7730,The Count of Monte-Cristo,6.7
7731,Coming Home in the Dark,6.0
7732,Pirates of the Caribbean: Tales of the Code – Wedlocked,6.9
7733,Gintama: The Movie,7.5
7734,Kung Fu Dunk,5.8
7735,Manny,6.3
7736,Doraemon: Nobita's Chronicle of the Moon Exploration,7.6
7737,"Veinteañera, Divorciada y Fantástica",8.1
7738,The Little Witch,6.9
7739,Birth,5.9
7740,At Eternity's Gate,6.9
7741,Gentlemen Prefer Blondes,7.3
7742,Mi Prima La Sexóloga,7.0
7743,Oliver Twist,6.7
7744,Iron Eagle,5.4
7745,Echelon Conspiracy,6.3
7746,The Professor,6.8
7747,Witness,7.1
7748,Diary of a Sex Addict,5.4
7749,Robot,6.5
7750,Thale,5.4
7751,Donovan's Reef,6.2
7752,Crocodile Dundee in Los Angeles,5.2
7753,Any Given Sunday,6.8
7754,Pirates of Silicon Valley,7.1
7755,The Adventures of Pinocchio,5.3
7756,Serial (Bad) Weddings 2,5.9
7757,Violence in a Women's Prison,4.7
7758,Ace Ventura Jr: Pet Detective,3.4
7759,Leap of Faith,5.7
7760,Stagecoach,7.7
7761,Satan's Slaves,6.7
7762,Santa Paws 2: The Santa Pups,6.2
7763,Flowers in the Attic,6.3
7764,Mystery Men,5.7
7765,Bait,5.7
7766,Death Wish 3,6.2
7767,Almost Heroes,5.6
7768,Drive,5.6
7769,The Gauntlet,6.6
7770,Our Times,7.3
7771,Persecuted,6.5
7772,My Little Pony: A Very Minty Christmas,4.8
7773,Mannequin Two: On the Move,5.9
7774,Splendor in the Grass,7.6
7775,Pieces of a Woman,7.1
7776,Nothing But the Truth,6.9
7777,The Jungle Book,5.9
7778,Amazing Love,6.9
7779,Fortress,6.1
7780,Dream Factory,7.3
7781,Angela's Christmas,6.8
7782,The Swan Princess: A Royal Family Tale,6.1
7783,Keanu,6.0
7784,Agatha and the Curse of Ishtar,5.9
7785,Five Nights at Freddy's: Forgotten Memories,2.5
7786,Lolly-Madonna XXX,4.8
7787,Three Kings,6.6
7788,Children of the Corn IV: The Gathering,4.5
7789,The Haunting,7.2
7790,Buried,6.6
7791,K-9,6.0
7792,Message in a Bottle,6.1
7793,Erik the Viking,5.9
7794,Tesla,5.9
7795,Defiance,6.8
7796,Millennium Actress,7.9
7797,Red Scorpion,6.0
7798,Cabin Fever,5.7
7799,The Adventures of Buckaroo Banzai Across the 8th Dimension,6.0
7800,Dolphin Reef,6.9
7801,Assassination Classroom: Graduation,7.2
7802,Tae Guk Gi: The Brotherhood of War,8.0
7803,Lay the Favorite,5.3
7804,Airplane II: The Sequel,6.1
7805,Return To Zootopia,6.0
7806,Mickey's Trailer,7.3
7807,Emanuelle Around the World,5.6
7808,Idle Hands,6.1
7809,Alice in Wonderland,6.3
7810,Fright Night Part 2,6.4
7811,Bajirao Mastani,7.3
7812,Double D Dude Ranch,3.9
7813,Good Kill,6.0
7814,Perfect Strangers,6.7
7815,Life,6.6
7816,The Rocketeer,6.4
7817,Dial M for Murder,8.0
7818,Survive the Night,5.1
7819,Green Street Hooligans 2,5.0
7820,Boogeyman 3,5.2
7821,City of Lies,6.4
7822,Lady Chatterley's Lover,6.4
7823,Goon: Last of the Enforcers,5.7
7824,Suicide Club,6.6
7825,Who's Harry Crumb?,5.7
7826,King of New York,6.7
7827,Black Christmas,4.7
7828,First Reformed,7.0
7829,Bugsy,6.4
7830,Braddock: Missing in Action III,5.7
7831,Cro Minion,7.1
7832,Grave of the Fireflies,8.0
7833,The Way Back,7.0
7834,Yakuza Princess,6.3
7835,Asphalt Burning,5.4
7836,Breaking In,5.9
7837,Foster,6.8
7838,Detective Conan: Captured in Her Eyes,7.3
7839,50 to 1,6.7
7840,The Gift,6.4
7841,Wolf Creek 2,6.3
7842,Galaxy Quest,7.1
7843,Macross Frontier: The Wings of Goodbye,6.6
7844,Gosford Park,6.9
7845,The Wicker Man,7.4
7846,Invasion of Astro-Monster,6.9
7847,The Cutting Edge,7.2
7848,Bubble Boy,5.7
7849,The Jane Austen Book Club,6.6
7850,American Factory,7.2
7851,The Muppets' Wizard of Oz,5.2
7852,Sphere,6.1
7853,K-19: The Widowmaker,6.4
7854,Irina Palm,6.9
7855,Un Dios prohibido,6.1
7856,Family Business,5.6
7857,Julius Caesar,6.7
7858,The Sisterhood of the Traveling Pants 2,6.2
7859,The Vampire Lovers,6.5
7860,The Collection,6.3
7861,The Last Stand,6.0
7862,Before I Met You,0.0
7863,Act of Valor,6.5
7864,The Bling Ring,5.4
7865,Wall Street: Money Never Sleeps,6.1
7866,Undercover Brother,5.8
7867,Exists,5.5
7868,SeaFood,4.9
7869,Nights in Rodanthe,6.2
7870,The Story of O,5.6
7871,Shaolin Wooden Men,6.7
7872,Jeremiah Johnson,7.3
7873,City of Women,7.0
7874,Open Your Eyes,7.5
7875,The Red Shoes,8.1
7876,Shinobi: Heart Under Blade,6.5
7877,Gemma Bovery,6.1
7878,The Great Beauty,7.5
7879,The Battle at Lake Changjin,7.2
7880,This Boy's Life,7.1
7881,Anonymous,6.4
7882,The Principal,6.5
7883,Madame Claude,5.8
7884,Monster,7.2
7885,Break,5.3
7886,Happiness Ever After,7.7
7887,God of Gamblers,7.0
7888,Damien: Omen II,6.4
7889,The F**k-It List,6.2
7890,The Sandman,5.3
7891,The Swimming Pool,7.1
7892,Mute,5.6
7893,3 Idiotas,7.4
7894,Children of the Corn III: Urban Harvest,4.8
7895,The Other Side of the Door,5.5
7896,Dungeons & Dragons: Wrath of the Dragon God,4.5
7897,Les Misérables,7.7
7898,Casper Meets Wendy,6.0
7899,Short Circuit 2,6.0
7900,Begotten,6.0
7901,Riphagen the Untouchable,6.5
7902,The General,8.1
7903,Mother's Day,6.0
7904,Baaghi,6.3
7905,God of Gamblers' Return,5.7
7906,Blue Summer,7.1
7907,Peaceful Warrior,7.4
7908,Wander,5.4
7909,The Three Musketeers,6.9
7910,The Innkeepers,5.4
7911,Little Big Soldier,6.9
7912,The Wrong Trousers,7.7
7913,The Phantom Carriage,7.9
7914,Freaky Friday,5.5
7915,Truth or Dare,5.5
7916,The Week Of,5.4
7917,Toc Toc,7.1
7918,The Crimson Rivers,6.9
7919,Monday,7.2
7920,Seal Team Eight: Behind Enemy Lines,6.0
7921,Rob Roy,6.7
7922,Blazing Saddles,7.3
7923,Black Eagle,5.0
7924,Love and Beans,5.2
7925,The Librarian: Return to King Solomon's Mines,6.1
7926,The Good Boss,7.2
7927,Universal Soldier II: Brothers in Arms,4.6
7928,Black Emanuelle,4.5
7929,Sleeping With My Student,5.9
7930,Paterson,7.1
7931,U Turn,6.6
7932,Re-Animator,7.1
7933,Tomcats,5.1
7934,"Greystoke: The Legend of Tarzan, Lord of the Apes",6.3
7935,Last Moment of Clarity,5.5
7936,Pornography,5.7
7937,The Land Before Time X: The Great Longneck Migration,6.3
7938,Married to the Mob,5.9
7939,Pleasantville,7.3
7940,Valhalla Rising,6.1
7941,How High 2,6.5
7942,Monster High: Electrified,7.2
7943,Annie,6.5
7944,I Hope They Serve Beer in Hell,5.0
7945,Heavenly Creatures,7.0
7946,Crocodile 2: Death Swamp,5.1
7947,The Magnificent One,7.1
7948,Lady Snowblood,7.6
7949,Beyond the Ultimate Spin: The Making of 'Spider-Man',3.5
7950,Little White Lies,7.1
7951,Runaway Jury,6.9
7952,Carandiru,7.5
7953,Ashes of Time,7.0
7954,The Snow Queen,5.7
7955,Young Guns,6.7
7956,Double Team,5.1
7957,New Kung Fu Cult Master 2,2.0
7958,Stepmom,7.1
7959,Supercop 2,5.8
7960,Werewolf: The Beast Among Us,5.9
7961,The Wackness,6.3
7962,The Laundromat,6.0
7963,Holiday in the Sun,6.0
7964,Jagged Edge,6.4
7965,The Silence of the Marsh,5.3
7966,Growing Fangs,6.8
7967,Mackenna's Gold,6.6
7968,Paycheck,6.2
7969,A Good Old Fashioned Orgy,5.9
7970,Serpico,7.6
7971,Alibi.com,6.5
7972,Compliance,6.4
7973,Judy,6.8
7974,Black Sabbath,7.1
7975,I Could Never Be Your Woman,5.9
7976,The Salesman,7.3
7977,This Is Spinal Tap,7.5
7978,Maximum Conviction,5.1
7979,The Diabolical,5.0
7980,Highlander: The Source,4.1
7981,Necronomicon,6.0
7982,From Within,5.6
7983,The Archer,5.6
7984,Boxing Helena,5.3
7985,Fighting,5.9
7986,Ransom,6.7
7987,2012 Doomsday,2.9
7988,Battlestar Galactica: The Plan,6.8
7989,Asterix in Britain,6.7
7990,F*&% the Prom,6.0
7991,Florence Foster Jenkins,6.7
7992,Doraemon: The New Record of Nobita's Spaceblazer,6.4
7993,The Do-Over,5.7
7994,Hardware,5.9
7995,Sleepover,6.0
7996,My Big Fat Greek Wedding,6.5
7997,Holiday in the Wild,6.5
7998,New World,7.4
7999,Young Detective Dee: Rise of the Sea Dragon,6.3
8000,Spies Like Us,6.2
8001,The Best of Enemies,7.4
8002,Switch,5.9
8003,Mosul,7.3
8004,Black Widow,6.1
8005,Hot Rod,6.3
8006,Black Friday,5.0
8007,Anna and the King,6.7
8008,Ordinary People,7.5
8009,Enchanted Kingdom,6.0
8010,Stormbreaker,5.2
8011,The Perfect Wedding,2.0
8012,Blood Out,5.4
8013,Octonauts and the Caves of Sac Actun,6.7
8014,Ayla: The Daughter of War,8.2
8015,Hibiki,7.0
8016,Sisters on Track,7.3
8017,Lord of the Flies,6.4
8018,The Fury of a Patient Man,6.6
8019,Quest for Fire,7.1
8020,High Flying Romance,7.8
8021,The Professionals,7.1
8022,Mysterious Island,6.4
8023,Lupin III: The First,7.4
8024,Rip Tide,6.2
8025,Tess,7.0
8026,Crazy Hong Kong,4.8
8027,Beowulf,4.3
8028,The Assignment,6.3
8029,Pi,7.1
8030,Yu-Gi-Oh! 3D: Bonds Beyond Time,6.1
8031,Empire Records,6.7
8032,Marnie,7.2
8033,A Love Song for Bobby Long,6.8
8034,Pink Flamingos,6.3
8035,Wheelman,6.1
8036,This Girl's Life,4.6
8037,Rogue City,5.9
8038,The Final Girls,6.4
8039,Svaha: The Sixth Finger,6.6
8040,Every Breath You Take,6.0
8041,True Crime,6.6
8042,Recoil,6.1
8043,Zombie Flesh Eaters,6.6
8044,Please Stand By,6.9
8045,Dagon,6.3
8046,Tailgate,6.3
8047,The Secret Life of Bees,7.4
8048,Starter for 10,6.4
8049,The Warriors Gate,6.7
8050,Straw Dogs,5.8
8051,The Chase,7.1
8052,Forever Young,6.4
8053,Dumplin',6.8
8054,"The Cook, the Thief, His Wife & Her Lover",7.4
8055,Mysterious Skin,7.5
8056,"Sex, Lies and Death",6.7
8057,In the Line of Fire,7.0
8058,X: The Movie,5.6
8059,Clownhouse,6.1
8060,Runaway,5.4
8061,The Duellists,7.3
8062,The House of the Spirits,6.9
8063,The Tunnel,6.2
8064,Everything Everywhere All at Once,0.0
8065,I Am Vengeance: Retaliation,6.1
8066,Mayhem,6.5
8067,Working Girl,6.6
8068,The Manor,5.6
8069,Gurren Lagann the Movie: Childhood's End,7.5
8070,Last Shift,6.1
8071,The Bar,6.3
8072,Häxan,7.6
8073,Chasing Papi,7.2
8074,Bears,7.4
8075,Frenemies,5.9
8076,¡Three Amigos!,6.4
8077,Halloweentown High,6.6
8078,The Two Popes,7.5
8079,Hansel and Gretel Get Baked,5.0
8080,Buddha 2: The Endless Journey,6.3
8081,Passion Play,5.1
8082,The Absent-Minded Professor,6.4
8083,The Adventures of Baron Munchausen,7.0
8084,The 'Burbs,6.7
8085,The Proud Family Movie,5.9
8086,The Howling: Reborn,4.7
8087,Northanger Abbey,6.8
8088,Mahjong Nights,4.7
8089,M.F.A.,6.3
8090,Jin-Roh: The Wolf Brigade,7.4
8091,22 July,7.2
8092,Battle Royale II: Requiem,4.9
8093,Out for Justice,6.1
8094,Realive,6.0
8095,Larceny,3.9
8096,Paris Is Burning,8.2
8097,Kung Fu Panda: Secrets of the Masters,6.3
8098,Purpose of Reunion,4.8
8099,Extract,5.8
8100,Our Meal for Tomorrow,6.3
8101,The Guernsey Literary & Potato Peel Pie Society,7.5
8102,Why Did You Kill Me?,6.3
8103,Slayers Gorgeous,6.7
8104,Grind,6.2
8105,Private Resort,5.6
8106,Indochine,7.0
8107,Barefoot,6.5
8108,The Love Bug,5.4
8109,Nothing to Lose,6.4
8110,Summer of 85,7.4
8111,The Reluctant Dragon,6.6
8112,Rise of the Footsoldier: Origins,6.5
8113,Enemies Closer,5.3
8114,Black Sheep,6.0
8115,Dark Tide,4.9
8116,Don’t Leave Home,4.8
8117,Dolls,7.6
8118,Shogun Assassin,6.8
8119,I Am Wrath,5.5
8120,The Signal,6.0
8121,Vanity Fair,5.7
8122,Orgazmo,6.2
8123,Chalet Girl,6.4
8124,Before the Devil Knows You're Dead,7.1
8125,The Prince & Me 2: The Royal Wedding,5.7
8126,Charlatan,6.6
8127,Buddy's Mom,5.2
8128,Richard Jewell,7.5
8129,Shadow,6.8
8130,Hibernatus,6.8
8131,Pleasure Shop on the Avenue,4.9
8132,Two Brothers,7.1
8133,Three Fugitives,6.7
8134,Wasp Network,6.1
8135,The Hallow,5.6
8136,Ring of the Nibelungs,6.3
8137,Savage Grace,5.7
8138,Gettysburg,6.9
8139,Kikujiro,7.5
8140,The Black Dahlia,5.6
8141,Suite Française,7.3
8142,Texas Killing Fields,5.8
8143,"Ebirah, Horror of the Deep",6.3
8144,Ted Bundy: American Boogeyman,6.1
8145,A Vigilante,5.5
8146,Office Romance,8.1
8147,The Sitter,5.6
8148,All My Friends Hate Me,0.0
8149,Dragnet,5.9
8150,1BR,6.2
8151,Burnout,6.7
8152,Middle School: The Worst Years of My Life,6.9
8153,Red Planet,5.6
8154,Gangster Land,5.6
8155,The Ramen Girl,6.4
8156,Hot Tub Time Machine 2,5.2
8157,Dolphin Tale 2,7.0
8158,Enron: The Smartest Guys in the Room,7.3
8159,Detective Conan: The Eleventh Striker,6.9
8160,Another 9 1/2 Weeks,4.7
8161,Tale of Tales,6.3
8162,Action Point,5.4
8163,A Merry Friggin' Christmas,5.2
8164,The Blackout,6.4
8165,War of the Worlds 2: The Next Wave,4.0
8166,Timecop,6.0
8167,The Wing or the Thigh?,7.2
8168,Picture of Beauty,4.2
8169,Welcome to the Sticks,6.7
8170,An Easy Girl,5.6
8171,Madame,6.0
8172,"Mystery, Alaska",6.2
8173,Born on the Fourth of July,7.0
8174,Desperately Seeking Susan,6.1
8175,Once Upon a Time in High School,7.2
8176,The Dark Crystal,7.2
8177,Be with You,7.6
8178,Mask,7.1
8179,Wicked City,6.7
8180,Bad Boys,7.0
8181,The Party,6.5
8182,The Best Offer,7.9
8183,Curious George: Royal Monkey,7.5
8184,Thunderbirds,4.9
8185,Cries and Whispers,8.0
8186,Christmas Wedding Planner,5.5
8187,Au Revoir les Enfants,7.5
8188,Cinderella's Hot Night,5.8
8189,Into the Blue 2: The Reef,5.3
8190,Love in the Time of Cholera,6.6
8191,Betty Blue,7.3
8192,Still Alice,7.5
8193,Foodfight!,1.8
8194,Blunt Force Trauma,5.1
8195,Kids Return,7.2
8196,Just One of the Guys,6.4
8197,Beware the Slenderman,6.4
8198,Sex and Curse,0.0
8199,The Wedding Singer,6.8
8200,The Fixies: Top Secret,6.6
8201,Dirty Rotten Scoundrels,7.2
8202,The Inbetweeners Movie,6.1
8203,"Justice, My Foot!",6.5
8204,Submergence,5.4
8205,The Thomas Crown Affair,6.7
8206,Driving Miss Daisy,7.3
8207,Porky's 3: Revenge,5.5
8208,"Twinkle, Twinkle, Lucky Stars",6.7
8209,"Ruben Brandt, Collector",7.5
8210,Bacurau,7.8
8211,The Seven Year Itch,7.1
8212,Nope,0.0
8213,The Scary of Sixty-First,5.9
8214,Mandingo,6.7
8215,The Crimson Pirate,6.9
8216,Fairy Tales,6.5
8217,Monster's Ball,6.8
8218,Cam,5.8
8219,"Yesterday, Today and Tomorrow",7.6
8220,Children of the Corn: Revelation,4.1
8221,The Merciless,7.2
8222,Angels with Dirty Faces,7.7
8223,Dark Web: Cicada 3301,6.4
8224,Alvin and the Chipmunks Meet the Wolfman,6.9
8225,Hatchet,5.9
8226,Turn A Gundam II: Moonlight Butterfly,5.3
8227,Tristana,7.3
8228,Chain Reaction,5.6
8229,Presumed Innocent,6.8
8230,Flatfoot in Hong Kong,6.2
8231,Three Colors: Blue,7.7
8232,Swingers Sex Party,3.5
8233,Von Ryan's Express,7.0
8234,The People Under the Stairs,6.6
8235,Up Close & Personal,6.4
8236,Revolutionary Girl Utena: The Adolescence of Utena,7.2
8237,Bunyan and Babe,6.3
8238,Bound,3.7
8239,A Cock and Bull Story,6.4
8240,Happy Birthday to Me,6.0
8241,Creature from the Black Lagoon,6.9
8242,The Bookshop,6.5
8243,The Party at Kitty and Stud's,3.2
8244,Pierrot le Fou,7.5
8245,Catacombs,4.5
8246,All About the Benjamins,5.9
8247,Cat on a Hot Tin Roof,7.7
8248,Fly Away Home,6.9
8249,How to Marry a Millionaire,6.9
8250,Tad the Lost Explorer and the Mummy's Curse,0.0
8251,Crayon Shin-chan: My Moving Story! Cactus Large Attack!,7.4
8252,Batman & Bill,7.6
8253,The Zodiac,5.6
8254,Memories of My Father,7.8
8255,Fire in the Sky,6.5
8256,"Watch Out, We're Mad",7.5
8257,The Thieves,6.7
8258,Consenting Adults,5.4
8259,The Hunted,6.1
8260,Nicholas Nickleby,6.9
8261,Tokyo Gore Police,5.9
8262,Australia,6.6
8263,The Lodgers,5.0
8264,The Box,5.6
8265,Bartok the Magnificent,6.1
8266,Tom and Jerry Meet Sherlock Holmes,6.5
8267,Guinea Pig 2: Flower of Flesh and Blood,4.6
8268,The Young Girls of Rochefort,7.7
8269,In My Father's Garden,6.4
8270,The Incident,6.9
8271,Go! The Unforgettable Party,7.6
8272,El día de los albañiles: Los maistros del amor,6.0
8273,Supercool,5.5
8274,The Bélier Family,6.9
8275,Sliding Doors,6.6
8276,Cloud 9,6.9
8277,"Hello, My Name Is Doris",6.4
8278,Jersey Girl,6.1
8279,Where Hands Touch,8.1
8280,The Hunchback of Notre Dame,6.5
8281,Sister's Younger Husband,6.1
8282,Muriel's Wedding,7.0
8283,Hollywood Homicide,5.2
8284,A Long Way Down,6.2
8285,My Awkward Sexual Adventure,7.0
8286,Paradise,6.3
8287,Tekkonkinkreet,7.4
8288,Madame Bovary,6.3
8289,Strangers on a Train,7.7
8290,Soul Man,5.4
8291,Ride or Die,5.7
8292,Daughter of the Wolf,5.3
8293,Going Overboard,2.4
8294,Notorious,7.8
8295,Inside Deep Throat,6.7
8296,The Best Man Holiday,6.5
8297,Wishmaster,5.9
8298,Shippū! Konoha Gakuen Den!,6.0
8299,My Darling Clementine,7.5
8300,Half Light,5.9
8301,Three Months,5.8
8302,Cherry Falls,5.2
8303,Robinson Crusoe,5.8
8304,The Life and Death of Peter Sellers,6.6
8305,Guess Who's Coming to Dinner,7.7
8306,SPL II: A Time for Consequences,6.8
8307,102 Dalmatians,5.5
8308,Ma Rainey's Black Bottom,6.7
8309,Saint Maud,6.8
8310,Extremely Loud & Incredibly Close,7.0
8311,The Legend of Halloween Jack,5.6
8312,The Wedding Unplanner,6.8
8313,xxxHOLiC The Movie: A Midsummer Night's Dream,6.4
8314,The Shadow Effect,5.0
8315,Pay the Ghost,5.4
8316,Sorority Row,5.5
8317,Normal,5.2
8318,T2 Trainspotting,6.9
8319,Jobs,6.1
8320,The Secret Garden,7.4
8321,The Fan,5.9
8322,The Dilemma,5.3
8323,Edge of Winter,5.9
8324,Big Business,6.4
8325,Son of a Rich,7.1
8326,Zapped,6.2
8327,Ran,8.1
8328,Space Chimps,4.9
8329,Little Man Tate,6.5
8330,"Like Father, Like Son",7.6
8331,"Faster, Pussycat! Kill! Kill!",6.5
8332,Fallen,6.7
8333,School Life,7.0
8334,Donkey X,5.5
8335,Richie Rich's Christmas Wish,4.9
8336,Lebanon,6.4
8337,Lakeview Terrace,5.9
8338,The Perfect Man,6.1
8339,The Tall Blond Man with One Black Shoe,7.0
8340,No Escape,6.3
8341,The Clique,5.8
8342,The Beauty Inside,7.6
8343,Beasts of No Nation,7.6
8344,From Here to Eternity,7.3
8345,"Good Luck Charlie, It's Christmas!",6.6
8346,Mirror,8.1
8347,Blood Brother,5.8
8348,Edge of Darkness,6.3
8349,"Mektoub, My Love: Canto Uno",6.8
8350,The Damned,7.2
8351,Dreamgirls,6.8
8352,Little Giants,6.4
8353,Inspector Gadget 2,4.1
8354,The Traitor,7.8
8355,Power Rangers Samurai: Clash of the Red Rangers - The Movie,7.7
8356,All About Lily Chou-Chou,7.2
8357,From Beyond,6.6
8358,The Resident,5.7
8359,Palm Swings,6.4
8360,Sex School: Student Bodies,8.1
8361,Lord of the Flies,6.7
8362,Thirteen,6.5
8363,Lake Mungo,6.3
8364,Never Rarely Sometimes Always,7.2
8365,Miracle on 34th Street,6.7
8366,Compulsion,4.7
8367,The Relic,5.9
8368,Hart's War,6.3
8369,Gung Ho,6.1
8370,Dark Crimes,4.5
8371,Sam,5.2
8372,Heaven & Earth,6.7
8373,Yamakasi,6.0
8374,The Lost Weekend,7.7
8375,The Snowman,7.6
8376,After Hours,7.5
8377,The Mummy,6.9
8378,Bloody Hell,6.5
8379,The Kid,5.8
8380,Avatar Spirits,8.8
8381,Bicycle Thieves,8.3
8382,Seven Deadly Sins: Envy,7.3
8383,Blades of Glory,6.1
8384,That Thing You Do!,6.9
8385,Hoax,4.6
8386,Whitney,7.5
8387,Café Society,6.5
8388,Suburra,7.3
8389,My Perfect Romance,5.6
8390,Creep 2,6.3
8391,Two Women,7.9
8392,Scoop,6.6
8393,Whatever It Takes,5.9
8394,The Swamp,6.7
8395,Ace High,6.5
8396,Goodbye Christopher Robin,7.1
8397,The Cured,5.5
8398,The Cutting Edge: Fire & Ice,6.4
8399,The Divide,5.9
8400,The Secret,6.6
8401,PlayTime,7.8
8402,Radio Silence,5.4
8403,Butter,5.9
8404,Used Cars,6.4
8405,Spin Out,5.9
8406,Emmanuelle: The Joys of a Woman,5.3
8407,Agora,7.0
8408,Balloon,7.5
8409,Babysitting 2,6.3
8410,Grosse Pointe Blank,6.9
8411,Bobbleheads: The Movie,5.8
8412,Take Your Pills,6.6
8413,Harold and Maude,7.7
8414,Popstar: Never Stop Never Stopping,6.6
8415,Bless the Child,5.3
8416,The Door in the Floor,6.1
8417,The Square,6.7
8418,The King of Comedy,7.8
8419,First They Killed My Father,7.4
8420,My Life Without Me,5.8
8421,For Richer or Poorer,5.8
8422,Lotoman 2.0,7.0
8423,Bixler High Private Eye,8.0
8424,The Matchmaker's Playbook,6.9
8425,Il Mare,7.5
8426,Phenomena,6.8
8427,With Honors,6.8
8428,Highlander II: The Quickening,4.8
8429,Miller's Crossing,7.5
8430,The Shadow,6.0
8431,Audition,7.1
8432,Quick Change,6.7
8433,"Ghidorah, the Three-Headed Monster",7.2
8434,Supernova,4.9
8435,La Jetée,7.9
8436,Chaco,7.8
8437,Dead Space: Aftermath,5.9
8438,Frozen River,6.7
8439,The Target,6.9
8440,Modern Life Is Rubbish,7.2
8441,Hammy's Boomerang Adventure,5.9
8442,Mighty Flash,5.9
8443,Spy Cat,7.0
8444,Rudolph the Red-Nosed Reindeer: The Movie,6.1
8445,The Man from Earth,7.6
8446,Death Wish 4: The Crackdown,5.7
8447,Half Brothers,7.7
8448,Joy Ride 2: Dead Ahead,5.5
8449,Dead Water,6.2
8450,Beats,6.8
8451,Seberg,5.9
8452,Compadres,6.8
8453,Mammoth,4.8
8454,V/H/S: Viral,4.9
8455,Thawing Out,5.8
8456,Blood Creek,5.4
8457,Angel Guts: Red Porno,5.3
8458,An Officer and a Gentleman,7.0
8459,Broken Flowers,6.9
8460,Shadow of a Doubt,7.6
8461,Candyman: Farewell to the Flesh,5.4
8462,Johnny Guitar,7.5
8463,Lincoln,6.9
8464,The Late Bloomer,5.4
8465,Galveston,6.1
8466,The Hundred-Foot Journey,7.3
8467,The House at the End of Time,6.7
8468,Hesher,6.8
8469,Cracks,6.6
8470,American Ninja 4: The Annihilation,5.3
8471,Day Watch,6.1
8472,To Kill a Mockingbird,8.0
8473,The Nest,6.2
8474,Battle of the Bulge,6.9
8475,"Paris, Texas",8.1
8476,Robin Williams: Come Inside My Mind,8.0
8477,Breakdown,6.8
8478,Puss in Boots: The Last Wish,0.0
8479,Pablo Escobar: Angel or Demon?,6.6
8480,Virus,5.3
8481,Another Gay Sequel: Gays Gone Wild!,5.9
8482,Pet,5.8
8483,Pirates,6.2
8484,Zombie Tidal Wave,4.3
8485,Beerfest,5.9
8486,La Grande Bouffe,7.1
8487,Frances Ha,7.4
8488,Never Let Me Go,6.8
8489,Revival of Evangelion,7.3
8490,Young Frankenstein,7.9
8491,Alex Strangelove,6.6
8492,Micmacs,6.6
8493,Black Sheep,5.7
8494,Shocker,5.5
8495,Frank & Lola,5.6
8496,Big Time Adolescence,7.5
8497,Windstorm,7.4
8498,Space Cowboys,6.4
8499,LEGO DC Super Heroes - Aquaman: Rage Of Atlantis,6.8
8500,Miracle in Cell No. 7,8.2
8501,Dolores Claiborne,7.2
8502,The Butler,7.4
8503,In the Cut,5.1
8504,Ice Sharks,5.0
8505,Father of the Bride,6.4
8506,Casanova,6.5
8507,The Ledge,6.1
8508,Deadgirl,5.3
8509,Hot Bubblegum,6.0
8510,Daisies,7.5
8511,Bill & Ted's Bogus Journey,6.3
8512,P Storm,6.5
8513,Blade: House of Chthon,5.8
8514,Free Solo,7.9
8515,Slow West,6.7
8516,Dancer in the Dark,7.9
8517,Fighter in the Wind,7.2
8518,Amateur,6.5
8519,The Concubine,5.9
8520,Anthony Zimmer,6.2
8521,Belle de Jour,7.4
8522,A Kind of Murder,5.3
8523,You Got Served,6.3
8524,Ana & Bruno,7.7
8525,Tuck Everlasting,6.6
8526,The Work Wife,7.4
8527,3 Generations,6.4
8528,Cyborg She,7.3
8529,Bend It Like Beckham,6.3
8530,Backcountry,5.7
8531,Pulling Strings,7.1
8532,Le Brio,7.1
8533,Sex and Breakfast,5.1
8534,Turkish Delight,7.0
8535,Arn: The Knight Templar,6.2
8536,Anna,6.5
8537,Möbius,5.7
8538,Towa no Quon 6: Eternal Quon,6.0
8539,The Sex Trip,5.2
8540,The Ladykillers,7.2
8541,Wimbledon,6.2
8542,The Convent,5.7
8543,The Music of Silence,7.2
8544,Los Modernos,4.8
8545,"Kidnapping, Caucasian Style",8.0
8546,Save the Last Dance 2,5.5
8547,Extreme Job,7.1
8548,Oslo,6.8
8549,Gone Nutty,6.8
8550,Tristan & Isolde,6.7
8551,Appleseed,6.7
8552,Support Your Local Sheriff!,7.0
8553,Looking Glass,4.7
8554,Abraham Lincoln vs. Zombies,4.0
8555,Out of the Dark,4.9
8556,Immoral Tales,5.9
8557,Thinner,5.9
8558,Becket,7.2
8559,Starman,6.8
8560,The Rage: Carrie 2,5.6
8561,Dennis the Menace Strikes Again!,5.4
8562,Last Christmas,7.3
8563,The Stranger,4.9
8564,Tom Jones,6.1
8565,Legend of the Fist: The Return of Chen Zhen,6.6
8566,The Silence of the Lambs,8.3
8567,Daddy Day Camp,4.8
8568,Secondhand Lions,7.2
8569,Pizza Dare 1,8.5
8570,The Stoning of Soraya M.,7.7
8571,Zorba the Greek,7.5
8572,Young People Fucking,5.7
8573,Recalled,6.8
8574,Team Thor: Part 1,7.5
8575,The Bay,5.7
8576,An Unfinished Life,6.7
8577,The Flying Deuces,6.4
8578,Ivanhoe,6.9
8579,Shaft,5.9
8580,Flying Colors,7.4
8581,Munich,7.1
8582,Breaking the Waves,7.5
8583,The Getaway,5.6
8584,"Where are you going, Aida?",7.6
8585,Skins,6.6
8586,Dracula: The Original Living Vampire,5.0
8587,Werckmeister Harmonies,7.9
8588,The Runaways,6.4
8589,Godzilla vs. Biollante,7.2
8590,Voyage of the Unicorn,6.8
8591,A Chinese Odyssey Part One: Pandora's Box,7.4
8592,The Toxic Avenger,6.4
8593,XXY,6.9
8594,71: Into the Fire,7.4
8595,Panfilov's 28 Men,7.0
8596,Belladonna of Sadness,7.4
8597,Psycho IV – The Beginning,5.6
8598,Hellraiser: Judgment,5.2
8599,Sniper: Legacy,6.0
8600,Lesbian Vampire Killers,5.3
8601,The Last Starfighter,6.6
8602,Carjacked,5.2
8603,Mediterraneo,7.6
8604,Dead Rising: Watchtower,5.2
8605,Before We Go,6.7
8606,HOUBA! On the Trail of the Marsupilami,5.2
8607,Excision,6.2
8608,Man of the House,5.7
8609,Priceless,6.4
8610,X-Men Origins: Wolverine,6.3
8611,Going for Gold,6.8
8612,Crayon Shin-chan: Fierceness That Invites Storm! The Adult Empire Strikes Back,8.1
8613,Have a Little Faith,6.6
8614,Body of Evidence,4.9
8615,Gloria Bell,5.9
8616,Death Saved My Life,7.0
8617,House at the End of the Street,5.8
8618,All Quiet on the Western Front,7.8
8619,Suck Me Shakespeer 3,6.1
8620,The Bodyguard,6.7
8621,Come and Find Me,5.6
8622,Cruising,6.4
8623,Puppet Master,5.8
8624,Big Top Scooby-Doo!,7.9
8625,Midnight Express,7.6
8626,Flesh + Blood,6.5
8627,Crazy Love,5.1
8628,Boarding School,6.4
8629,Girls Gone Dead,4.1
8630,Blood Quantum,5.8
8631,"Godzilla, Mothra and King Ghidorah: Giant Monsters All-Out Attack",7.5
8632,Queen & Slim,7.2
8633,The Darkness,4.8
8634,The Rocker,6.0
8635,Raising Arizona,7.0
8636,Batman Unlimited: Mechs vs. Mutants,6.5
8637,Sapphire Blue,7.2
8638,Deliver Us from Evil,6.8
8639,The International,6.2
8640,Fyre,6.9
8641,Hanging Up,5.3
8642,High Sierra,7.1
8643,Cadillac Records,7.2
8644,The Constant Gardener,7.0
8645,Our Brand Is Crisis,5.9
8646,When Angels Sleep,5.6
8647,55 Steps,6.8
8648,Sideshow,0.0
8649,Jurassic Galaxy,5.2
8650,Noelle,6.7
8651,Night of the Demons,5.0
8652,Lords of Chaos,6.7
8653,Desperate Measures,5.9
8654,Something's Gotta Give,6.6
8655,M*A*S*H,7.0
8656,Unsane,6.3
8657,Burn the Stage: The Movie,8.9
8658,Wildcats,6.3
8659,The Disappearance of Alice Creed,6.5
8660,Eating Out: The Open Weekend,6.0
8661,Chasers,5.2
8662,Rescue Dawn,6.9
8663,Kajillionaire,6.2
8664,Saint☆Young Men,7.9
8665,The Land Before Time III: The Time of the Great Giving,6.3
8666,Leave No Trace,6.7
8667,Air Bud: Spikes Back,5.1
8668,Dedicated to my ex,8.4
8669,Panama,0.0
8670,Restraint,5.9
8671,Le Divorce,4.9
8672,The Toll,5.9
8673,Syriana,6.4
8674,3 Ninjas: High Noon at Mega Mountain,4.9
8675,Stuck on You,5.3
8676,The Return of Swamp Thing,5.3
8677,Rubber,5.9
8678,Furry Vengeance,4.9
8679,The River Wild,6.4
8680,Azumi 2: Death or Love,6.5
8681,The Key to Sex,6.4
8682,I Don't Like Younger Men 4,0.0
8683,Curse of the Pink Panther,4.6
8684,Requiem for a Dream,8.0
8685,Assault on Precinct 13,6.1
8686,Back of the Net,6.9
8687,Battle of the Sexes,6.8
8688,Windstorm 2,7.5
8689,The Garden of Sinners – Chapter 2: A Study in Murder (Part 1),7.1
8690,ClownTown,4.6
8691,Multiplicity,5.7
8692,The Way,7.1
8693,The Nutty Professor,6.6
8694,The Place Promised in Our Early Days,6.6
8695,Wilde,6.5
8696,Dazed and Confused,7.4
8697,The Photographer of Mauthausen,7.0
8698,CBGB,6.4
8699,The Night of the Generals,6.8
8700,Rampant,6.8
8701,Tyrannosaur,7.2
8702,Metallica: Through the Never,6.8
8703,The Squad,5.9
8704,The Void,5.9
8705,Going Places,6.8
8706,Contract Killer,6.9
8707,LEGO DC Comics Super Heroes Batman Be-Leaguered,6.9
8708,My Friend Dahmer,6.5
8709,Young Aunt,8.0
8710,Leatherheads,5.8
8711,Before Sunset,7.8
8712,Dorm Daze 2,4.3
8713,Creep,6.4
8714,Paid in Full,6.9
8715,Otis,5.5
8716,Digimon Tamers: Runaway Locomon,6.7
8717,Dreamscape,6.1
8718,Into the Forest,5.8
8719,Case Closed: Countdown to Heaven,7.2
8720,Funny Face,7.0
8721,Titanic,6.4
8722,"Eat, Play, Love",7.2
8723,Fast Five,7.2
8724,Dangerous Lies,6.4
8725,The Muppet Movie,7.1
8726,Hajime no Ippo - Mashiba vs. Kimura,6.6
8727,In a Better World,7.2
8728,Rock Star,6.7
8729,Who Finds a Friend Finds a Treasure,6.8
8730,American Kamasutra,5.0
8731,Devil's Knot,6.1
8732,Doraemon: Nobita's Great Battle of the Mermaid King,6.7
8733,Conor McGregor: Notorious,7.1
8734,A Most Wanted Man,6.5
8735,Perfect Sense,6.9
8736,Beta Test,5.4
8737,My Big Fat Greek Wedding 2,5.9
8738,Jiang Ziya: The Legend of Deification,7.4
8739,House of the Dead,3.2
8740,Angel Eyes,6.0
8741,Blackbeard's Ghost,6.7
8742,Knockin' on Heaven's Door,7.6
8743,Upon the Magic Roads,6.5
8744,Trespass,5.5
8745,Once Upon a Time in China and America,5.8
8746,Serena,5.6
8747,QT8: The First Eight,7.2
8748,The Wiz,6.1
8749,Twilight Zone: The Movie,6.5
8750,Tank Girl,5.4
8751,Of Mice and Men,7.3
8752,Doraemon: Nobita and the Birth of Japan,6.6
8753,The Woman,6.1
8754,Earth Girls Are Easy,5.6
8755,Blood Moon,5.9
8756,Becoming Jane,7.3
8757,By the Sea,5.6
8758,Father There Is Only One,7.1
8759,All Dogs Go to Heaven 2,5.8
8760,Harry & Meghan: A Royal Romance,6.9
8761,The Fall,7.6
8762,Extra Ordinary,6.4
8763,The Heroes of Telemark,7.0
8764,Mutant Chronicles,5.2
8765,Sex Appeal,6.9
8766,"Black Cat, White Cat",7.7
8767,Lost Boys: The Tribe,4.6
8768,Going the Distance,6.0
8769,Knick Knack,7.1
8770,Godzilla Raids Again,6.1
8771,The Watcher,5.0
8772,Suck Me Shakespeer,7.0
8773,The Four Feathers,6.6
8774,DC Films Presents Dawn of the Justice League,5.9
8775,Brooklyn's Finest,6.3
8776,Super,6.6
8777,The Warrior,7.0
8778,God of Gamblers II,6.4
8779,The Accused,6.7
8780,10 Minutes Gone,5.5
8781,Railroad Tigers,6.0
8782,Banshee Chapter,5.8
8783,Monsters,6.2
8784,Children of the Corn V: Fields of Terror,4.1
8785,Frontera,6.5
8786,All the Way Boys,6.8
8787,Mutual Relations,6.4
8788,Mermaids,6.8
8789,The French Connection,7.6
8790,Fitzcarraldo,7.6
8791,Elvis & Anabelle,6.8
8792,Turistas,5.5
8793,The Snow Queen 3: Fire and Ice,7.4
8794,Boogeyman 2,5.5
8795,Righteous Kill,5.9
8796,The Red Baron,6.6
8797,Ae Fond Kiss...,6.6
8798,Page Eight,6.5
8799,The Kid,8.2
8800,Blue Crush,6.0
8801,Grotesque,5.7
8802,Doctor Dolittle,6.3
8803,The Collini Case,7.4
8804,Godzilla: Tokyo S.O.S.,7.0
8805,Bonnie and Clyde,7.5
8806,Dinosaur Island,5.5
8807,Robot Chicken: Star Wars,7.3
8808,Torrente 3: The Protector,5.3
8809,Pumping Iron,7.1
8810,First Knight,6.0
8811,Alfie,5.7
8812,Warlock: The Armageddon,5.2
8813,The Front Page,7.3
8814,Greed,5.5
8815,Cut Off,6.6
8816,Eye in the Sky,7.0
8817,Beyond Skyline,5.2
8818,The High Note,7.1
8819,That Darn Cat!,6.6
8820,Domino,4.7
8821,Subway,6.6
8822,"Merry Christmas, Drake & Josh",7.5
8823,Center of My World,7.3
8824,Beirut,6.3
8825,Terrorizers,7.3
8826,Tupac: Resurrection,8.1
8827,Lupin the Third: Jigen's Gravestone,7.4
8828,13 Minutes,5.8
8829,The Bronze,6.0
8830,Chloe,6.0
8831,Arctic,6.4
8832,Space Truckers,5.5
8833,The Lords of Salem,5.4
8834,System Crasher,7.7
8835,Meet the Blacks,4.8
8836,Runner Runner,5.7
8837,Highway,5.7
8838,The Enforcer,6.5
8839,Lucid Dream,6.3
8840,Judy Moody and the Not Bummer Summer,6.0
8841,Genius,6.5
8842,Pathology,5.6
8843,American Satan,7.4
8844,Saving Silverman,5.5
8845,Six Swedish Girls in a Boarding School,5.0
8846,The Handmaid's Tale,6.0
8847,Enter the Fat Dragon,6.2
8848,Blood Work,6.1
8849,Asterix and Cleopatra,7.0
8850,54,5.8
8851,Mardi Gras : Spring Break,5.4
8852,She Wore a Yellow Ribbon,7.0
8853,Rebound,5.5
8854,At First Sight,5.9
8855,Good Burger,5.9
8856,Wolf Creek,6.2
8857,Frantic,6.7
8858,Stop! Or My Mom Will Shoot,5.3
8859,Jane Eyre,7.0
8860,Silverado,7.0
8861,Savva. Heart of the Warrior,5.9
8862,Ernest & Celestine,7.8
8863,After the Pandemic,0.0
8864,Like Water for Chocolate,7.2
8865,Air Mater,5.9
8866,In the Arms of an Assassin,8.1
8867,Irresistible,6.1
8868,Group Sex,5.8
8869,Kite,6.8
8870,Kiss Kiss Bang Bang,7.2
8871,Don't Tell Mom the Babysitter's Dead,6.1
8872,Nineteen Eighty-Four,6.9
8873,She Devils of the SS,3.9
8874,When the Lights Went Out,5.7
8875,36th Precinct,6.8
8876,Night of the Animated Dead,6.4
8877,Cuban Fury,6.0
8878,North Country,7.2
8879,Terror Trap,5.0
8880,Johnny Handsome,6.2
8881,Grand Piano,6.0
8882,Dorothy Mills,6.1
8883,Song of the South,6.5
8884,Disney Princess Enchanted Tales: Follow Your Dreams,6.5
8885,Roujin Z,6.4
8886,Age of Dinosaurs,4.1
8887,Raped by an Angel,4.7
8888,Force 10 From Navarone,6.3
8889,Fullmetal Alchemist,5.3
8890,Tom and Jerry: Back to Oz,5.6
8891,Joseph and Mary,5.0
8892,Candyman: Day of the Dead,4.7
8893,Onibaba,7.8
8894,Fist of the North Star,7.0
8895,Elevator to the Gallows,7.6
8896,Sweet Family,7.7
8897,Victim of Desire,4.4
8898,The Invisible,6.3
8899,Calibre,6.5
8900,Total Eclipse,6.5
8901,D.A.R.Y.L.,6.3
8902,Super Crazy,6.5
8903,Sympathy for Mr. Vengeance,7.5
8904,The Apparition,4.4
8905,If Only,6.9
8906,Urban Legend,5.7
8907,Revenge of the Pink Panther,6.6
8908,Star Trek: Generations,6.5
8909,Late Spring,8.1
8910,Salt and Fire,4.8
8911,Tramps,6.1
8912,Urge,4.3
8913,The Cannonball Run,6.1
8914,Inazuma Eleven Go vs. Danball Senki W,6.5
8915,The Cure,7.9
8916,Rise of the Legend,6.2
8917,The Immigrant,6.3
8918,The Marine 6: Close Quarters,6.9
8919,Moon Crash,3.5
8920,Miss Violence,7.1
8921,Incarnate,5.4
8922,Sanjuro,8.0
8923,Air Bud,5.5
8924,Breaking Boundaries: The Science of Our Planet,7.5
8925,"My Brother, My Sister",6.6
8926,Open Grave,6.0
8927,Gone,6.2
8928,Kicking & Screaming,5.8
8929,Born in China,7.3
8930,Donkey's Christmas Shrektacular,5.7
8931,Ivan Vasilyevich Changes His Profession,8.0
8932,Inspector Clouseau,5.3
8933,The Cassandra Crossing,6.2
8934,The Beastmaster,6.4
8935,One Million Years B.C.,6.1
8936,The Wailer 2,6.7
8937,Last Night,6.1
8938,Marked for Death,6.0
8939,Anatomy of Hell,4.8
8940,Marvin's Room,6.7
8941,"Merry Christmas, Mr. Lawrence",7.4
8942,The Silence of the Sky,6.4
8943,The Collector,7.4
8944,1941,5.8
8945,The Killing,7.7
8946,The Land Before Time V: The Mysterious Island,6.1
8947,Friday After Next,6.2
8948,Danton,6.8
8949,Isi & Ossi,7.0
8950,Return to Oz,6.6
8951,The Letters,5.8
8952,The Grapes of Wrath,7.9
8953,Haikyuu!! Movie 4: Battle of Concepts,8.3
8954,Duplex,6.1
8955,Om Shanti Om,7.0
8956,The Yin Yang Master,6.8
8957,American Psycho II: All American Girl,4.5
8958,Ikiru,8.4
8959,The Guard,7.0
8960,Persian Lessons,7.5
8961,Rolling to You,6.6
8962,Pokémon: The Mastermind of Mirage Pokémon,6.7
8963,Buffaloed,6.9
8964,Affliction,6.4
8965,Vixen: The Movie,7.0
8966,Chasing Liberty,6.2
8967,Cat Ballou,6.5
8968,Baskin,5.8
8969,Anne of Green Gables: The Sequel,8.0
8970,The Last Mimzy,6.3
8971,A Mermaid's Tale,5.4
8972,Melody Time,6.2
8973,Someone Like You...,5.9
8974,Knife in the Water,7.2
8975,The Wild Bunch,7.7
8976,Wakefield,6.1
8977,Raw Justice,4.5
8978,Untamed Heart,6.8
8979,The Emperor's Club,7.0
8980,Pulse,5.0
8981,Don't Say a Word,6.2
8982,Nameless Gangster,6.9
8983,Meteor Moon,2.6
8984,Butterfly on a Wheel,6.4
8985,Cop Out,5.6
8986,Picture This,5.7
8987,Have a Good Trip: Adventures in Psychedelics,6.8
8988,Wuthering Heights,5.9
8989,The Glass House,5.9
8990,Chucky's Vacation Slides,6.3
8991,A Very Murray Christmas,5.3
8992,The Burning Plain,6.5
8993,Supercross,6.2
8994,Star Trek II: The Wrath of Khan,7.5
8995,Fat Girl,6.2
8996,Rebecca,7.9
8997,"Turu, the Wacky Hen",7.3
8998,The Dinner,4.4
8999,Blues Brothers 2000,5.4
9000,The Lost Bladesman,6.3
9001,Ted Bundy: Mind of a Monster,7.6
9002,Blindspotting,7.4
9003,Bratz: Rock Angelz,6.1
9004,Bullet in the Head,7.6
9005,You're Killing Me Susana,6.5
9006,Bloodsport II,5.5
9007,Paradise Beach,5.2
9008,Paradise Alley,5.9
9009,Watership Down,7.2
9010,Felony,5.7
9011,Sid and Nancy,6.8
9012,Altitude,4.8
9013,"You, Me and Dupree",5.6
9014,Knight Rider,6.5
9015,Fearless Hyena 2,5.9
9016,Everyone's Hero,5.9
9017,Mark Felt: The Man Who Brought Down the White House,6.1
9018,The Golden Glove,7.0
9019,Boomerang,5.6
9020,Hellraiser: Bloodline,5.3
9021,The Survivalist,4.6
9022,Paparazzi,5.4
9023,Fight Back to School,6.6
9024,Code Name: The Cleaner,5.2
9025,A Secret Love,7.4
9026,An American Pickle,5.8
9027,Airport '77,5.5
9028,Like Father,6.3
9029,The Ark,6.3
9030,Freelancers,5.1
9031,Albert Nobbs,6.3
9032,Who Said Detox?,0.0
9033,The Old Ways,7.3
9034,Horse Girl,5.6
9035,Vita & Virginia,6.9
9036,The Undefeated,6.2
9037,"OSS 117: Cairo, Nest of Spies",7.3
9038,Fire Down Below,5.6
9039,#AnneFrank. Parallel Stories,7.0
9040,Angels Fallen,5.7
9041,We Are Marshall,6.9
9042,Unknown Origins,6.2
9043,Get a Job,5.3
9044,A Good Year,6.7
9045,Naked Lunch,7.0
9046,Charlotte's Web,6.7
9047,See Spot Run,5.8
9048,Repulsion,7.5
9049,Midnight Runners,7.5
9050,Good Bye Lenin!,7.6
9051,Double World,6.7
9052,Cemetery Junction,6.5
9053,Jumpin' Jack Flash,6.1
9054,Matador,6.6
9055,Yentl,6.5
9056,Champions,7.6
9057,The Crew,6.2
9058,Samsara,8.2
9059,Quiz Show,7.3
9060,Forces of Nature,5.4
9061,Stockholm,5.9
9062,Mutiny on the Bounty,7.4
9063,The Executioner,7.6
9064,Madame Bovary,5.7
9065,Seabiscuit,7.0
9066,The Devil's Own,6.1
9067,Blind Date,6.0
9068,The Queen of Spain,5.2
9069,Joshua Tree,6.0
9070,Cold Blood,5.3
9071,Resistance,7.0
9072,Christmas Vacation 2: Cousin Eddie's Island Adventure,4.2
9073,The Perilous Internet Ring,6.9
9074,BPM (Beats per Minute),7.8
9075,The Land Before Time IX: Journey to Big Water,6.2
9076,Up in the Air,6.8
9077,Five Nights at Freddy's: The Fan Film,0.0
9078,Unleashing Mr. Darcy,5.6
9079,Dave,6.6
9080,Mean Streets,7.1
9081,Elle,6.6
9082,Revenge of the Nerds,6.5
9083,Psych: The Movie,7.5
9084,Bad Lieutenant,7.1
9085,Jay and Silent Bob Strike Back,6.4
9086,Joe Somebody,5.8
9087,The Bridge at Remagen,6.6
9088,Escape from Mogadishu,7.2
9089,Patrick,6.7
9090,Heart and Souls,7.0
9091,We Own the Night,6.7
9092,Hope Gap,6.2
9093,Planet of the Sharks,4.0
9094,Bucky Larson: Born to Be a Star,4.5
9095,Lady in the Water,5.5
9096,The Beta Test,6.4
9097,Once Upon a Forest,6.7
9098,The Disaster Artist,7.1
9099,The Legend of Hei,8.6
9100,Arthur & Merlin: Knights of Camelot,5.4
9101,The Swordsman,7.7
9102,Love Me If You Dare,7.3
9103,American Ninja 5,4.6
9104,Oscenità,6.8
9105,Torn Curtain,6.6
9106,Dreambuilders,7.5
9107,Rob the Mob,6.1
9108,Lotoman,7.0
9109,Arabian Nights,6.7
9110,Dangerous Liaisons,7.3
9111,Sailor Moon S the Movie: Hearts in Ice,7.5
9112,The Lion in Winter,7.4
9113,Toolbox Murders,5.7
9114,She-Devil,5.9
9115,The Company of Wolves,6.4
9116,Thirst,7.1
9117,The Deep End of the Ocean,6.4
9118,You Don't Know Jack,7.1
9119,Let It Shine,7.0
9120,Five Minutes of Heaven,6.2
9121,King Solomon's Mines,5.5
9122,Life Itself,7.2
9123,Cape Fear,7.5
9124,The New Adventures of Aladdin,4.7
9125,Prime,5.9
9126,The Greatest Show on Earth,6.4
9127,Casshern,5.9
9128,"Patricia, A Hidden Passion",5.7
9129,The Far Country,6.9
9130,The Land Before Time VIII: The Big Freeze,6.0
9131,Saturn 3,5.3
9132,Casper's Haunted Christmas,5.4
9133,Julie & Julia,6.7
9134,Red Corner,6.2
9135,Steel Rain,7.3
9136,White Oleander,7.1
9137,The Horse Whisperer,6.9
9138,Monster,6.5
9139,The Brides of Dracula,6.9
9140,The Black Stallion,7.1
9141,Far and Away,6.7
9142,Julieta,7.0
9143,Akira,6.0
9144,The Little Mermaid,0.0
9145,The Climb,6.8
9146,Vampyr,7.5
9147,Shimmer Lake,5.9
9148,The Land Before Time XIII: The Wisdom of Friends,6.2
9149,The Producers,7.2
9150,Big Jake,6.9
9151,Home Sweet Hell,5.4
9152,Major League,6.9
9153,The Train,7.5
9154,Jacob's Ladder,7.4
9155,The Kashmir Files,0.0
9156,Where's the Money,5.8
9157,Message from the King,6.3
9158,Mobile Suit Gundam: Char's Counterattack,6.8
9159,The Informant!,6.1
9160,Roma,7.3
9161,Coffee & Kareem,5.6
9162,Company of Heroes,5.4
9163,Deathstalker II,5.8
9164,Return of the Living Dead: Necropolis,5.3
9165,Zola,6.2
9166,The Philadelphia Experiment,4.8
9167,Howard the Duck,5.4
9168,The Assassin,6.4
9169,The Ballad of Narayama,7.4
9170,Pollyanna,7.1
9171,The Story of Star Wars,6.8
9172,Terra Formars,5.7
9173,Haikyuu!! Movie 2: Winners and Losers,8.2
9174,I Origins,7.6
9175,Zapped!,5.2
9176,Pooh's Heffalump Halloween Movie,6.8
9177,The Gendarme and the Creatures from Outer Space,6.1
9178,Geronimo: An American Legend,6.3
9179,Hallam Foe,6.5
9180,The Objective,5.5
9181,The Children Act,6.5
9182,Eye for an Eye,6.1
9183,Fresh,7.2
9184,Highlander III: The Sorcerer,4.7
9185,Outrage,6.9
9186,Grace,5.0
9187,I Love America,0.0
9188,Futurama: The Beast with a Billion Backs,7.0
9189,Seduction,5.9
9190,Stick It,6.8
9191,Castaway on the Moon,8.0
9192,The Forbidden Legend: Sex & Chopsticks,5.6
9193,What About Bob?,6.8
9194,Charade,7.7
9195,Rope,8.0
9196,The Right Mom,4.7
9197,On the Waterfront,8.0
9198,Brother,7.1
9199,The Man Who Killed Hitler and Then the Bigfoot,5.4
9200,See You Up There,7.9
9201,Godzilla 1985,6.7
9202,Shortcut to Happiness,5.7
9203,The Spy Gone North,7.4
9204,Altitude,4.8
9205,The Stronghold,7.3
9206,The Drawn Together Movie: The Movie!,6.3
9207,As Tears Go By,7.0
9208,The Debt,6.5
9209,Game of Death II,5.5
9210,Billie Eilish: The World's a Little Blurry,8.6
9211,"Live Twice, Love Once",7.5
9212,The Smurfs and the Magic Flute,6.5
9213,Malicious,5.8
9214,A Close Shave,7.5
9215,Copying Beethoven,6.4
9216,The Swap,6.9
9217,I'm Not There,6.6
9218,Like Stars on Earth,8.0
9219,Air America,5.8
9220,Looks That Kill,7.3
9221,San Andreas Mega Quake,5.3
9222,Flicka,6.9
9223,Rising Phoenix,8.2
9224,Comrades: Almost a Love Story,7.4
9225,The Recruit,6.3
9226,The Rider,7.3
9227,Dance with Me,6.8
9228,Norwegian Wood,6.4
9229,Barbie and the Secret Door,7.2
9230,Chitty Chitty Bang Bang,6.8
9231,Embrace of the Vampire,5.0
9232,High Society,7.0
9233,The Fresh Prince of Bel-Air Reunion,8.6
9234,Hounds of Love,6.1
9235,Mega Shark vs. Crocosaurus,3.9
9236,Detective Conan: The Scarlet Bullet,6.8
9237,Hulk: Where Monsters Dwell,7.0
9238,BloodRayne,4.2
9239,Teen Spirit,6.0
9240,K-911,5.5
9241,Transit,5.7
9242,Untitled Digimon 02 Reboot Movie,2.0
9243,"The Looney, Looney, Looney Bugs Bunny Movie",7.1
9244,Mishima: A Life in Four Chapters,7.8
9245,Silhouette,5.3
9246,The Lavender Hill Mob,7.2
9247,Ask Me Anything,5.6
9248,Guns of the Magnificent Seven,5.0
9249,Tales from the Crypt: Demon Knight,6.8
9250,Battle of Jangsari,6.8
9251,After She Wakes,5.1
9252,The Real McCoy,5.7
9253,Wild Target,6.4
9254,Wishmaster 3: Beyond the Gates of Hell,4.5
9255,Crip Camp: A Disability Revolution,7.2
9256,Cirque du Soleil: Worlds Away,7.0
9257,The Little Mermaid II: Return to the Sea,6.4
9258,The Tower,7.0
9259,The Lift,6.0
9260,Barbie: Dolphin Magic,6.9
9261,The Tuche Family,6.0
9262,Godzilla vs. SpaceGodzilla,6.6
9263,Yu☆Gi☆Oh!,7.0
9264,Miss Fisher and the Crypt of Tears,5.8
9265,Grease Live,7.1
9266,Empire of Dreams: The Story of the Star Wars Trilogy,7.7
9267,American Wrestler: The Wizard,7.5
9268,The Way Home,7.8
9269,To Steal from a Thief,6.2
9270,Super Troopers,6.6
9271,Swing Kids,6.7
9272,Partly Cloudy,7.9
9273,Dead in Tombstone,5.0
9274,The Pit and the Pendulum,6.9
9275,Curious George: A Very Monkey Christmas,6.9
9276,Catch and Release,5.9
9277,The Defiant Ones,7.1
9278,The Connection,7.1
9279,Sleepaway Camp,6.3
9280,Hud,7.3
9281,The Courageous Heart of Irena Sendler,7.1
9282,Guilty as Sin,5.8
9283,The Color of Money,6.8
9284,La Vie en Rose,7.5
9285,D-Tox,5.6
9286,Dead End,6.4
9287,This Is Our Time,5.9
9288,Avengers Grimm: Time Wars,4.9
9289,Devil's Bride,5.9
9290,Santa Claus Is Comin' to Town,7.1
9291,The Bachelor,5.2
9292,Rose Island,7.1
9293,The Rape,5.0
9294,A Hologram for the King,5.8
9295,The Searchers,7.8
9296,Blood Brothers: Malcolm X and Muhammad Ali,7.6
9297,The Breadwinner,7.9
9298,The Gospel According to Matthew,7.4
9299,City Slickers II: The Legend of Curly's Gold,5.2
9300,The Captain,7.1
9301,Blown Away,6.1
9302,The Resistance Banker,6.7
9303,Haikyuu!! Movie 3: Genius and Sense,7.8
9304,Second in Command,5.8
9305,Beanpole,7.2
9306,Zombie Massacre 2: Reich of the Dead,4.6
9307,Les Misérables,7.2
9308,Rise: Blood Hunter,5.0
9309,The Wanderers,7.1
9310,Ricochet,6.1
9311,A Wizard's Tale,5.9
9312,Gamera vs. Gyaos,6.6
9313,The Red Ghost,6.6
9314,Body Cam,6.3
9315,Samurai Rebellion,8.2
9316,Inferno,6.7
9317,Destination Wedding,5.7
9318,Hellboy Animated: Sword of Storms,6.2
9319,Bao,7.6
9320,Angels in the Outfield,5.9
9321,Curious George 3: Back to the Jungle,6.8
9322,The Fencer,7.0
9323,Eleven Silent Men,2.5
9324,Sharknado,3.9
9325,Christmas Made to Order,6.2
9326,Dolphin Tale,6.9
9327,Be Cool,5.4
9328,Batman,6.6
9329,The Crow: Wicked Prayer,3.4
9330,The Cranes Are Flying,8.0
9331,Noroi: The Curse,6.8
9332,Bowling for Columbine,7.6
9333,Hello World,7.2
9334,I'm Thinking of Ending Things,6.6
9335,Immortal Beloved,7.1
9336,High and Low,8.3
9337,SPF-18,4.4
9338,Big Buck Bunny,6.5
9339,Vidocq,5.9
9340,The Octagon,5.1
9341,Above the Rim,6.9
9342,Phenomenon,6.3
9343,3022,5.5
9344,Raise the Titanic,5.5
9345,While the Wolf's Away,7.6
9346,Stir Crazy,6.5
9347,Dangal,8.0
9348,Ratter,5.1
9349,Wonder Boys,6.9
9350,Macbeth,7.1
9351,LOL,6.1
9352,Some Like It Rare,6.9
9353,Union of Salvation,6.9
9354,A Better Tomorrow,7.4
9355,Hero,6.4
9356,No Time for Nuts,7.3
9357,The Negotiation,7.0
9358,Garfield's Pet Force,5.7
9359,The Green Butchers,7.2
9360,Body Double,6.7
9361,Lost & Found,5.2
9362,RRRrrrr!!!,6.3
9363,K-ON! The Movie,7.9
9364,Big Miracle,6.6
9365,Little Lord Fauntleroy,7.4
9366,Return to Nim's Island,6.4
9367,Taps,6.9
9368,The Artist,7.4
9369,The Call,5.4
9370,The Land Before Time VI: The Secret of Saurus Rock,6.1
9371,Doraemon: Nobita and the Green Giant Legend,6.4
9372,The Berlin File,6.7
9373,The Man in the Moon,7.3
9374,The Emerald Forest,6.7
9375,My Favorite Wedding,7.1
9376,The Black Hole,5.8
9377,The Night of the Hunter,7.9
9378,Jesse Stone: Stone Cold,7.0
9379,Born Yesterday,7.2
9380,I'm Gonna Git You Sucka,6.3
9381,Firewalker,5.4
9382,Running Scared,7.0
9383,Bruce Lee: The Legend,8.2
9384,Hanasaku Iroha: Home Sweet Home,6.1
9385,Wings,7.2
9386,Crazy/Beautiful,6.6
9387,Liz and the Blue Bird,7.1
9388,Voyage of the Damned,6.1
9389,Goal! II: Living the Dream,5.9
9390,Flower & Snake II,6.5
9391,Checkered Ninja 2,6.3
9392,Auto Focus,6.4
9393,Hard Rain,5.8
9394,Alien Convergence,4.1
9395,Desierto,6.1
9396,Obsessed,5.8
9397,"Marry Me, Dude",6.3
9398,Scorched Earth,5.3
9399,Urusei Yatsura: Remember My Love,5.1
9400,Conspiracy Theory,6.6
9401,Kung Fu Master Huo Yuanjia,10.0
9402,Under the Sea: A Descendants Story,7.7
9403,Barton Fink,7.5
9404,Redline,5.0
9405,Prom Night,5.1
9406,Some Kind of Wonderful,6.8
9407,The General's Daughter,6.4
9408,Effie Gray,5.9
9409,Safety Not Guaranteed,6.8
9410,Lions for Lambs,6.0
9411,Hacksaw,5.3
9412,A Dog's Will,8.5
9413,Cencoroll,6.1
9414,The Guilt Trip,5.5
9415,While We're Young,5.9
9416,Caddyshack,6.7
9417,Like.Share.Follow.,5.2
9418,The Secret: Dare to Dream,7.3
9419,Harvey,7.7
9420,Made in Italy,6.0
9421,Woman Walks Ahead,6.8
9422,Timecrimes,7.0
9423,The Guru,5.2
9424,The Tribes of Palos Verdes,5.3
9425,The Lady Vanishes,7.5
9426,Spielberg,7.6
9427,Confidential Assignment,6.9
9428,The Oil-Hell Murder,5.5
9429,Cómo Filmar Una XXX,5.9
9430,Lord of Illusions,6.0
9431,32 Malasana Street,6.5
9432,Becky,6.4
9433,College Road Trip,5.5
9434,The Sure Thing,6.6
9435,Crying Freeman,6.3
9436,The Man Who Killed Don Quixote,6.8
9437,A Guy Thing,5.9
9438,Hairspray,6.9
9439,Nocturama,6.5
9440,Emanuelle in America,5.1
9441,I Am Jonas,6.8
9442,The Trials of Cate McCall,6.3
9443,Drive Me Crazy,6.4
9444,Ghost Town,6.5
9445,Look Who's Talking Too,5.5
9446,About Love. Adults Only,6.1
9447,Post Grad,5.0
9448,An Education,6.9
9449,The Big Brawl,6.1
9450,Carnage,7.2
9451,Ghost in the Shell: Stand Alone Complex - Solid State Society,7.5
9452,WarGames,7.1
9453,The Drowning,4.5
9454,"¡A Volar, Joven!",7.9
9455,The Swan Princess: Escape from Castle Mountain,6.0
9456,Love Wrecked,5.1
9457,Reap the Wild Wind,6.6
9458,Firefox,6.0
9459,Tigerland,6.6
9460,Dead Man Walking,7.4
9461,Suspicion,7.1
9462,Hollow Man II,4.9
9463,Little Buddha,6.3
9464,Mr. Magoo,4.4
9465,Assassination Games,6.2
9466,Troll,4.9
9467,Sex Story: Fifty Shades of Grey,5.3
9468,3 Men and a Baby,6.2
9469,The Fly,7.1
9470,Brotherhood of Blades,6.6
9471,The Odd Couple,7.6
9472,Vanishing Point,7.2
9473,Southland Tales,5.0
9474,Smokin' Aces 2: Assassins' Ball,5.4
9475,My Best Friend,7.1
9476,Population 436,5.8
9477,"Ronia, The Robber's Daughter",6.9
9478,One Piece Episode of Merry: The Tale of One More Friend,7.3
9479,Sideways,7.1
9480,Legend of the Red Dragon,6.6
9481,Death Sentence,6.6
9482,Get Him to the Greek,5.9
9483,My Father the Hero,5.4
9484,Frankenstein Meets the Wolf Man,6.3
9485,All the Boys Love Mandy Lane,5.5
9486,Cop Car,5.9
9487,Moscow Does Not Believe in Tears,7.8
9488,Once Bitten,5.6
9489,Escape to Victory,6.8
9490,How to Be Really Bad,6.9
9491,Sube y Baja,8.0
9492,Wild Mountain Thyme,5.3
9493,Taxidermia,6.6
9494,Val,7.1
9495,Feast of Love,6.2
9496,Live Flesh,7.1
9497,Room on the Broom,6.4
9498,The Postman,6.2
9499,My Friend's Mom,3.8
9500,American Ninja 3: Blood Hunt,4.8
9501,Futureworld,6.0
9502,Elvis & Nixon,5.9
9503,The Incredible Hulk Returns,6.1
9504,Southbound,6.0
9505,Inside Job,7.7
9506,Victor Crowley,5.6
9507,King Cobra,5.9
9508,The Big Sleep,7.7
9509,Detective Conan: The Phantom of Baker Street,7.6
9510,King of Thieves,5.4
9511,Twin Sitters,6.4
9512,Sinbad and the Eye of the Tiger,6.6
9513,Drop Zone,5.6
9514,Hammer of the Gods,4.4
9515,Daniel Isn't Real,6.1
9516,The Punisher: Dirty Laundry,7.1
9517,Pippi Longstocking,6.8
9518,Assassination Classroom the Movie: 365 Days' Time,6.7
9519,Guernica,5.4
9520,Jack Hunter and the Quest for Akhenaten's Tomb,6.4
9521,Valentine,5.4
9522,Fame,5.7
9523,Feast II: Sloppy Seconds,5.3
9524,"Planes, Trains and Automobiles",7.2
9525,Underdog Kids,5.6
9526,Alice in Wonderland,6.2
9527,Baby Boy,7.1
9528,The Gods Must Be Funny in China,5.3
9529,Can't Buy Me Love,7.0
9530,Billionaire Boys Club,5.6
9531,Teeth,5.2
9532,The Assistant,6.5
9533,Three Little Pigs,6.8
9534,Kidnapped,6.0
9535,A Dirty Shame,5.3
9536,Persona 3 the Movie: #3 Falling Down,7.1
9537,Rape Zombie: Lust of the Dead 2,4.6
9538,Stranger by the Lake,6.3
9539,Cleanskin,5.7
9540,Audible,7.1
9541,A Rough Draft,5.5
9542,Minecraft: The Story of Mojang,7.3
9543,Attack the Block,6.4
9544,Weekend at Bernie's,6.4
9545,White Palace,6.2
9546,Funny Girl,7.3
9547,Lucky Luke,4.4
9548,I Want You,4.8
9549,Arsenal,4.6
9550,See No Evil 2,5.3
9551,The Heiress,7.7
9552,Enforcement,6.2
9553,El encanto,6.3
9554,Lottery Ticket,5.6
9555,Half Past Dead,5.2
9556,The ABCs of Death,5.0
9557,The Great Raid,6.6
9558,Chickenhare and the Hamster of Darkness,6.4
9559,Fireworks,7.7
9560,iParty with Victorious,7.8
9561,The Conquest of Siberia,6.4
9562,Herod's Law,8.0
9563,The Valet,5.9
9564,Glory Road,7.5
9565,The Stepfather,5.8
9566,Cold Creek Manor,5.3
9567,Double Dragon,4.3
9568,The Mimic,6.6
9569,Lean On Me,7.2
9570,Inland Empire,7.1
9571,Crown Vic,6.1
9572,Dog Days,6.8
9573,The Devil's Backbone,7.3
9574,Buried Alive,6.7
9575,The Adventures of Rocky & Bullwinkle,4.1
9576,Poetry,7.5
9577,Extreme Movie,4.6
9578,Get Over It,5.6
9579,Boundin',6.6
9580,Mystic Pizza,6.3
9581,Marquis de Sade: Justine,5.3
9582,Tales of Halloween,5.7
9583,It's Complicated,6.5
9584,Up to You,7.0
9585,Accidental Love,4.2
9586,The Little Bather,6.7
9587,A Little Chaos,6.3
9588,The Family Stone,6.3
9589,The Rewrite,6.0
9590,"Kiki, Love to Love",6.2
9591,The Final Cut,6.0
9592,Sommersby,6.3
9593,The Soloist,6.7
9594,Prince of Darkness,6.8
9595,Life Like,6.4
9596,Populaire,6.6
9597,The Tortured,5.3
9598,Latter Days,6.8
9599,Jade,5.4
9600,Let the Right One In,7.5
9601,Blueberry,4.8
9602,Nostalgia,7.9
9603,Hustle & Flow,7.1
9604,Luce,6.5
9605,The Players,4.7
9606,Seven Days in May,7.3
9607,Tin Toy,6.2
9608,Go for It,6.9
9609,Pooka!,6.1
9610,Daddy Long Legs,6.5
9611,Detective Conan: The Raven Chaser,7.3
9612,Black Candles,6.4
9613,Tokyo Decadence,5.9
9614,Celebrity,5.9
9615,Dark Light,6.1
9616,The Gruffalo,7.2
9617,Summer Days with Coo,7.6
9618,Kung Fury,7.5
9619,Mosul,6.7
9620,Tombstone of the Fireflies,7.4
9621,On a Magical Night,6.3
9622,Absolutely Fabulous: The Movie,5.4
9623,Maudie,7.8
9624,"God, Sex and Truth",5.3
9625,Stay,6.6
9626,Krabat,5.8
9627,Crayon Shin-chan: Action Mask vs. Leotard Devil,6.9
9628,A Moment of Romance,6.6
9629,The Best Little Whorehouse in Texas,6.1
9630,Stratton,5.0
9631,This Is It,7.2
9632,Katyn,6.8
9633,Penny Dreadful,5.5
9634,Michel Vaillant,5.5
9635,The Man Who Would Be King,7.5
9636,Faust,7.9
9637,Ali G Indahouse,6.1
9638,Saints and Soldiers: Airborne Creed,5.5
9639,Clouds of Sils Maria,6.6
9640,Iceman,6.1
9641,The Immortal Life of Henrietta Lacks,6.6
9642,School Dance,7.5
9643,Return of the Living Dead: Rave to the Grave,5.2
9644,Red Sun,6.9
9645,Romeo Is Bleeding,6.1
9646,Here Alone,5.7
9647,Cutie Honey,6.4
9648,Night and the City,7.6
9649,Ouija: Summoning (You Will Kill),4.3
9650,Dil To Pagal Hai,6.8
9651,Housesitter,6.1
9652,Jay and Silent Bob Reboot,5.7
9653,Under the Tree,6.8
9654,Gotti,5.3
9655,Winx Club: The Mystery of the Abyss,6.8
9656,The Island of Dr. Moreau,5.5
9657,4Got10,5.2
9658,Evita,6.2
9659,Doraemon: Nobita's New Dinosaur,7.2
9660,Trumbo,7.2
9661,Proof of Life,6.1
9662,High Noon,7.7
9663,Desperados,6.1
9664,The Head Hunter,5.4
9665,Coda,6.4
9666,My Week With Marilyn,6.7
9667,The Hitcher,5.9
9668,Sorry to Bother You,6.8
9669,The Reef,5.7
9670,The New King of Comedy,5.6
9671,High☆Speed!: Free! Starting Days,7.3
9672,All Roads Lead to Rome,5.0
9673,Underground,7.7
9674,Bigger Fatter Liar,5.5
9675,Wolf Totem,6.5
9676,The Haunted World of El Superbeasto,6.0
9677,Table 19,6.0
9678,Air Bud: Seventh Inning Fetch,5.5
9679,Under Suspicion,6.1
9680,Asterix vs. Caesar,6.4
9681,Vivre Sa Vie,7.8
9682,Marshland,7.0
9683,Fatale,6.2
9684,Airheads,6.0
9685,The United States of Leland,6.5
9686,Meru,7.4
9687,Return to House on Haunted Hill,5.5
9688,Maggie Simpson in The Longest Daycare,6.9
9689,Frost/Nixon,7.3
9690,Ted K,6.2
9691,A Lonely Place to Die,6.1
9692,Winter in Wartime,6.8
9693,Black '47,6.6
9694,Night of the Demons,6.3
9695,American Graffiti,7.1
9696,An Affair,5.0
9697,Sexy Movie,4.1
9698,The Blackcoat's Daughter,5.7
9699,XOXO,6.0
9700,Saving Grace,6.5
9701,Dad's Army,4.8
9702,Dead Man Down,6.1
9703,Tarzan the Ape Man,6.8
9704,High School of the Dead: Drifters of the Dead,7.6
9705,Warriors of the Rainbow: Seediq Bale - Part 2: The Rainbow Bridge,8.0
9706,Suburban Girl,5.7
9707,Finding Forrester,7.1
9708,Starred Up,7.1
9709,Down,5.1
9710,Full Body Massage,5.8
9711,Niko & the Way to the Stars,5.6
9712,Mr. Woodcock,5.0
9713,Angelique,6.5
9714,Vox Lux,5.8
9715,Did You Hear About the Morgans?,5.4
9716,In & Out,6.5
9717,1900,7.9
9718,Bagdad Cafe,7.3
9719,The Full Monty,7.0
9720,Lost Horizon,7.1
9721,Foolproof,6.1
9722,Bad Johnson,4.6
9723,Tony Hawk: Until the Wheels Fall Off,0.0
9724,Worth,6.8
9725,Team Thor: Part 2,7.1
9726,Crossfire,5.2
9727,Ashes in the Snow,6.7
9728,If Beale Street Could Talk,7.0
9729,Elizabeth Harvest,6.2
9730,Lavender,5.7
9731,Crayon Shin-chan: Fierceness That Invites Storm! Me and the Space Princess,6.8
9732,For the Love of Spock,7.5
9733,Doraemon: Nobita and the Haunts of Evil,6.8
9734,The Rescuers Down Under,6.6
9735,Tart,4.4
9736,Toxic Shark,5.7
9737,Peggy Sue Got Married,6.1
9738,Laggies,6.1
9739,Crayon Shin-chan: Honeymoon Hurricane ~The Lost Hiroshi~,7.3
9740,No One Lives,5.8
9741,Maurice,7.5
9742,Hedgehog in the Fog,7.4
9743,The Ark,4.6
9744,Another Woman,6.9
9745,Something to Talk About,5.6
9746,Monkey Business,6.7
9747,Buried Alive,4.6
9748,Lassie,6.1
9749,Class of 1984,6.4
9750,Moebius,6.7
9751,Manou the Swift,6.5
9752,Columbus,7.0
9753,Freaks – You're One of Us,5.6
9754,Kaiji: The Ultimate Gambler,6.8
9755,The Midnight Meat Train,6.1
9756,Breakfast on Pluto,7.2
9757,An Inconvenient Truth,7.0
9758,The Lazarus Project,6.1
9759,The Libertine,5.9
9760,Diamantino,6.3
9761,Naomi and Ely's No Kiss List,5.9
9762,Haute Cuisine,6.3
9763,Angela's Ashes,7.2
9764,Cat People,6.0
9765,Minutemen,5.7
9766,Prom Night,5.7
9767,Sorry if I Love You,5.9
9768,The D Train,4.8
9769,Laid to Rest,5.3
9770,The Making of Saw,6.5
9771,"Hush... Hush, Sweet Charlotte",7.3
9772,Belle and Sebastian,6.9
9773,Goodbye Berlin,6.7
9774,The Express,7.2
9775,Arthur,6.5
9776,One Night at McCool's,5.8
9777,Poms,6.6
9778,The Conformist,7.7
9779,The Ottoman Lieutenant,6.1
9780,Blind,6.0
9781,One True Thing,6.6
9782,TINA,7.8
9783,Rashomon,8.2
9784,The Return,5.9
9785,The Vanishing,6.1
9786,Captain Blood,7.3
9787,Appointment with Death,6.0
9788,Outpost,6.0
9789,Edge of Fear,4.8
9790,Dutch,6.4
9791,Lupin the 3rd,5.9
9792,Thomas and the Magic Railroad,5.6
9793,The Mexican,5.9
9794,Sharknado 5: Global Swarming,4.9
9795,The Young and Prodigious T.S. Spivet,6.8
9796,Body of Lies,6.6
9797,The Score,6.7
9798,People Like Us,6.8
9799,Alexander the Great,5.8
9800,Arctic Predator,5.8
9801,For Love of the Game,6.5
9802,The 9th Life of Louis Drax,6.4
9803,Black Narcissus,7.7
9804,Moonwalker,6.8
9805,Our Souls at Night,6.6
9806,In Secret,6.0
9807,The Deaths of Ian Stone,5.5
9808,To Die For,6.6
9809,"My Love, My Bride",7.0
9810,Take Shelter,7.1
9811,Reds,7.0
9812,American Gigolo,6.1
9813,Dead Man's Shoes,7.2
9814,Autumn Dreams,6.8
9815,Black Sunday,7.5
9816,The Fortune Cookie,7.3
9817,Jules and Jim,7.7
9818,Viva l'Italia,6.3
9819,Prayers for Bobby,8.1
9820,Earth vs. the Flying Saucers,5.9
9821,The Quietude,5.9
9822,Life or Something Like It,5.7
9823,Ashby,6.2
9824,The Kite Runner,7.3
9825,Impetigore,6.7
9826,The Atticus Institute,5.7
9827,I'm in Love With My Little Sister,5.7
9828,All Is Lost,6.6
9829,Amateur Porn Star Killer 2,5.4
9830,Unlawful Entry,6.1
9831,The Little Prince,6.6
9832,Badlands,7.6
9833,Violent Delights,3.5
9834,The Offering,5.0
9835,The United States vs. Billie Holiday,6.7
9836,Threads,7.8
